CourseNumber,CourseTitle,Career,Credits,Prerequisites,Antirequisites,Corequisites,Description,spring1,fall1,spring2,fall2
ESE111,Making with Arduino: Hardware and Programming,Undergraduate,3.0,NONE,NONE,NONE,"Create a working electronic project using low-cost and easy-to-program Arduino development boards. Example projects may include wearable electronics, robots, and electronic displays. An introduction to the C programming language will be provided along with the basics of embedded electronics and the Internet of Things.",1,1,1,1
ESE118,Digital Logic Design,Undergraduate,4.0,[['ESE123']],NONE,NONE,"Develops methods of analysis and design of both combinational and sequential systems regarding digital circuits as functional blocks. Utilizes demonstrations and laboratory projects consisting of building hardware on breadboards and simulation of design using CAD tools. Topics include: number systems and codes; switching algebra and switching functions; standard combinational modules and arithmetic circuits; realization of switching functions; latches and flip-flops; standard sequential modules; memory, combinational, and sequential PLDs and their applications; design of system controllers.",1,1,1,1
ESE121,Introduction to Audio Systems,Undergraduate,3.0,NONE,NONE,NONE,"Analog and digital audio systems, musical instrument amplifiers and effects, audio instrumentation, samplers, synthesizers, and audio transducers will be studied. Signal and system concepts will be demonstrated using audible examples to develop intuitive and non-mathematical insights. Audio system specifications will be explained and their effects demonstrated.",1,1,1,1
ESE122,Discrete Mathematics for Engineers,Undergraduate,3.0,NONE,NONE,[['ESE123']],"Introduction to topics in computational mathematics, such as number systems, Boolean algebra, mathematical induction, combinatorics and probability, recursion and graph theory. Algorithm aspects of the topics discussed will be emphasized.",1,1,1,1
ESE123,Introduction to Electrical and Computer Engineering,Undergraduate,4.0,NONE,NONE,NONE,"Introduces basic electrical and computer engineering concepts in a dual approach that includes:  laboratories for hands-on wired and computer simulation experiments in analog and logic circuits, and lectures providing concepts and theory relevant to the laboratories. Emphasizes physical insight and applications rather than theory. This course has an associated fee. Please see www.stonybrook.edu/coursefees for more information.",1,1,1,1
ESE124,Programming Fundamentals,Undergraduate,4.0,NONE,NONE,NONE,"The course presents fundamental and more advanced C programming concepts. Lectures discuss the C language constructs and exemplify their using in relevant programming applications. The course also introduces fundamental concepts in electrical and computer engineering, such as bitwise operations, text file scanning, stack-based computation, table-based finite state machine implementation, hash tables, and linked lists. Scheduled lab activities focus on devising, implementing, debugging, and validating C programs for the concepts discussed in class. A course project focuses on developing a more extensive C program that comprehensively utilizes the programming concepts discussed during the semester.",1,1,1,1
ESE188,Understanding Machine Learning,Undergraduate,3.0,NONE,NONE,NONE,"This is a course on the basics of machine learning. Students develop an intuitive understanding of the core concepts of machine learning including supervised and unsupervised learning, classification and prediction. The course provides a number of practical examples from a wide range of disciplines including biomedicine, social sciences, and engineering. The course does not require any prerequisites in engineering or computer science.",1,1,1,1
ESE201,Engineering and Technology Entrepreneurship,Undergraduate,3.0,"[['BME100', 'CME101', 'ESG100', 'ESE123', 'MEC101', 'EST192', 'EST194', 'EST202', 'LSE320']]",NONE,NONE,"The purpose of this course is to bridge the gap between technical competence and entrepreneurial proficiency. Students are not expected to have any formal business background, but have some background in a technical field. These fields can range from the engineering disciplines to computer science, and from biology and chemistry to medicine. Accordingly, the course will provide the necessary exposure to the fundamentals of business, while minimizing the use of business school jargon. Entrepreneurship is considered as a manageable process built around innovativeness, risk-taking and proactiveness. The course focuses on ventures where the business concept is built around either a significant technical advance in an operational process, or in the application of technology to create a new product or service.",1,1,1,1
ESE202,Humanistic Engineering,Undergraduate,3.0,NONE,NONE,NONE,"The course discusses the nature of the co-dependencies of various human endeavors, like art, science and engineering, and the degree to which traditionally non-engineering elements, like meaning, fairness, or artistic creativity, should be considered by present processing / computational systems and methods in engineering. The course starts with presenting the main theories in philosophy, art, psychology, and engineering design on the nature and characteristics of evolution and progress. The main elements of engineering design for innovation are being discussed and how it relates to humanistic values. Computational methods towards mimicking and generating creative outcomes are presented and then compared to human creativity. The covered topics include the evolution process in art and engineering, its defining stages and elements, existing computational approaches towards co-achieving human and engineering goals with computational art as an example, the importance of expertise. The course offers exposure to existing software tools related to computational creativity.",1,1,1,1
ESE224,Advanced Programming and Data Structures,Undergraduate,4.0,[['ESE124']],NONE,NONE,"The course presents fundamental data structures and algorithms frequently used in engineering applications. Object oriented programming in C++ is used to teach the concepts. Discussed topics include: programming and applications of data structures; stacks, queues, lists, heaps, priority queues, and introduction to binary trees. Recursive programming is heavily utilized. Fundamental sorting algorithms are examined along with informal efficiency analysis.",1,1,1,1
ESE271,Electrical Circuit Analysis,Undergraduate,3.0,"[['MAT127', 'AMS161']]",NONE,NONE,"The course covers the following topics: passive circuit elements: resistors, capacitors, inductors. Elements of circuit topology. Kirchhoff's and Ohm's law. Nodal and mesh analysis. Equivalent circuits. Steady-state AC circuits. Phasors. Transient analysis. Laplace transforms. Fundamentals of AC power, coupled inductors (transformers).  Not for credit in addition to EEO 271.",1,1,1,1
ESE272,Electronics,Undergraduate,4.0,[['ESE271']],NONE,NONE,"This is the first non-linear electronics class that introduces the students to the fundamentals of the circuit design through the architecture of a modern electronics system at the interface with sensors and actuators. Modeling of the non-linear devices, diode and MOS transistors, is presented, along with basic properties of MOS transistors for analog (amplification) and digital (switching) IC circuit design. Operational amplifier ideal and non-ideal models are explored along with the concepts of the feedback and stability. Signal conditioning circuits (fixed-gain, difference and instrumentation amplifiers, active filters), signal shaping circuits (rectifier, clipper, peak detector) and oscillators are presented. Basics of sample and hold circuit, data converters, digital signal processing platforms and radios are presented.",1,1,1,1
ESE273,Microelectronic Circuits,Undergraduate,3.0,[['ESE271']],NONE,NONE,"This is the first integrated circuits class that introduces the students to the fundamentals of the non-linear devices and design of IC amplifiers. The course starts with the introduction to the device physics, operation and modeling of a diode. Operation of MOS transistor, derivation of the large-signal transistor current as a function of the terminal voltages in different regions of operation is then presented, along with the small-signal model. Single-stage amplifier structures are explored, along with the introduction of the implementation of current source and current mirror. Frequency-response of common-source amplifier is presented. The concepts of multi-stage amplification and differential pair are introduced. Operation modeling of bipolar transistors are presented, along with the common-emitter amplifier. Comparison of MOS and BJT transistor and performance of common-source and common-emitter is presented. Not for credit in addition to EEO 315.",1,1,1,1
ESE280,Embedded Microcontroller Systems Design I,Undergraduate,4.0,[['ESE118']],NONE,NONE,"Fundamental design of microcontroller-based electronic systems. Topics include system level architecture, microcontrollers, memory, configurable ports, peripheral ICs, interrupts, sensors, and actuators, serial data protocols, assembly language programming, debugging, and table driven FSMs. Hardware/software trade-offs in implementing system functions. Hardware and software design are equally emphasized. Laboratory work involves design, implementation, and verification of microcontroller systems. This course has an associated fee. Please see www.stonybrook.edu/coursefees for more information.",1,1,1,1
ESE290,Transitional Study,Undergraduate,1.00 - 3.00,NONE,NONE,NONE,"A vehicle used for transfer students to remedy discrepancies between a Stony Brook course and a course taken at another institution. For example, it allows the student to take the laboratory portion of a course for which he or she has had the theoretical portion elsewhere. Open elective credit only.",1,1,1,1
ESE300,Technical Communication for Electrical and Computer Engineers,Undergraduate,2.0,"[['WRT102'], ['ESE280']]",NONE,NONE,"Topics include how technical writing differs from other forms of writing, the components of technical writing, technical style, report writing, technical definitions, proposal writing, writing by group or team, instructions and manuals, transmittal letters, memoranda, abstracts and summaries, proper methods of documentation, presentations and briefings, and analysis of published engineering writing. Also covered are the writing of resumes and cover letters.",1,1,1,1
ESE301,Engineering Ethics and Societal Impact,Undergraduate,2.0,NONE,NONE,NONE,"The study of ethical issues facing engineers and engineering related organizations and the societal impact of technology.  Decisions involving moral conduct, character, ideals and relationships of people and organizations involved in technology.  The interaction of engineers, their technology, the society and the environment is examined using case studies. Introduction to patents, copyright, trademarks and infringement using case studies.",1,1,1,1
ESE304,Applications of Operational Amplifiers,Undergraduate,3.0,[['ESE273']],NONE,NONE,"Design of electronic instrumentation: structure of basic measurement systems, transducers, analysis and characteristics of operational amplifiers, analog signal conditioning with operational amplifiers, sampling, multiplexing, A/D and D/A conversion; digital signal conditioning, data input and display, and automated measurement systems. Application of measurement systems to pollution and to biomedical and industrial monitoring is considered.",1,1,1,1
ESE305,Deterministic Signals and Systems,Undergraduate,3.0,NONE,NONE,[['ESE271']],"Introduction to signals and systems. Manipulation of simple analog and digital signals. Relationship between frequencies of analog signals and their sampled sequences. Sampling theorem. Concepts of linearity, time-invariance, causality in systems. Convolution integral and summation; FIR and IIR digital filters. Differential and difference equations. Laplace transform, Z-transform, Fourier series and Fourier transform. Stability, frequency response and filtering. Provides general background for subsequent courses in control, communication, electronics, and digital signal processing. Not for credit in addition to EEO 301.",1,1,1,1
ESE306,Random Signals and Systems,Undergraduate,3.0,[['ESE305']],NONE,NONE,"Random experiments and events; random variables and random vectors, probability distribution functions, random processes; Binomial, Bernoulli, Poisson, and Gaussian processes; Markov chains; significance testing, detection of signals, estimation of signal parameters; properties and application of auto-correlation and cross-correlation functions; power spectral density; response of linear systems to random inputs.",1,1,1,1
ESE315,Control System Design,Undergraduate,3.0,[['ESE305']],NONE,NONE,"The course aims to introduce students to basic concepts of classical control theory, such as closed-loop systems, root-locus analysis, Bode diagrams and Nyquist Criterion, and their applications in electrical, mechanical, and electromechanical systems. The students are expected to master the methods for control systems design including basic feedback control and PID control, which have a major application in the design of process control systems for industry.",1,1,1,1
ESE319,Electromagnetic Waves and Transmission Lines,Undergraduate,3.0,"[['ESE271'], ['AMS261', 'MAT203', 'MAT307'], ['AMS361', 'MAT303', 'MAT308']]",NONE,NONE,"Properties of generic uniform plane waves including phase and group velocities. Uniform plane electromagnetic waves (UPEMWs) consisting of an electric field wave and a magnetic field wave, both moving synchronously in space and time; mutual right-handed orthogonality between the electric and magnetic field vectors and the direction of propagation; Poynting vector. Transmission lines (TLs): voltage and current behaving as waves on TLs, voltage reflection coefficient, impedance transformation law, VSWR, Smith Chart, impedance matching. Maxwell equations, EM wave equation, boundary conditions. Scattering of UPEMWs incident normally or obliquely at the interface plane between two dielectric media. Waveguides: TE and TM modes of a rectangular waveguide, cut-off frequencies, dominant mode, power flow. Not for credit in addition to EEO 319.",1,1,1,1
ESE323,Modern Circuit Board Design and Prototyping,Undergraduate,3.0,"[['ESE272'], ['ESE280']]",NONE,NONE,"Design, fabricate, and test a prototype device using a custom made circuit board, surface mount components, and a 3D printed enclosure. Topics include printed circuit design, active and passive component selection, design for testability, solid modeling, and 3D printing.",1,1,1,1
ESE324,Advanced Electronics Laboratory,Undergraduate,3.0,"[['ESE272', 'ESE211'], ['ESE273']]",NONE,NONE,"The objective of this advanced electronics lab course is to provide hands-on design experience for students. The students will have the opportunity to leverage theoretical knowledge acquired during ESE 272 and ESE 273 to design and test more complex and highly popular electronic circuits such as multi-stage amplifier, voltage regulator, and DC-DC boost and buck converters, data converters, and phase-locked loop. The initial several experiments will be based on the fundamental single stage amplifiers. The rest of the experiments will be more design centric where students will have the responsibility to determine either topology or the values of the circuit elements in each experiment in order to satisfy specific design objectives. The lectures will cover the theoretical principles as well as related design tradeoffs. Different topologies and analysis techniques will be presented for each circuit, guiding students during the design process. This course has an associated fee.  Please see www.stonybrook.edu/coursefees for more information.",1,1,1,1
ESE325,Modern Sensors,Undergraduate,3.0,[['ESE273']],NONE,NONE,"The course focuses on the underlying physics principles, design, and practical implementation of sensors and transducers including piezoelectric, acoustic, inertial, pressure, position, flow, capacitive, magnetic, optical, and bioelectric sensors.  Established as well as novel sensor technologies as well as problems of interfacing various sensors with electronics are discussed.",1,1,1,1
ESE326,Fundamental Algorithms for Automated Electronic Design,Undergraduate,3.0,[['ESE224']],NONE,NONE,"Upon completion of the course, students will know to design and implement the fundamental algorithms for automated electronic design, such as system and circuit design. The discussed core algorithms include greedy algorithms, divide-and-conquer, quicksort, dynamic programming, graph algorithms, and string matching. Analysis of algorithms is also discussed. These algorithms are exemplified for basic electronic design tasks, like circuit partitioning, floorplanning, module placement, signal routing, task scheduling, resource allocation, and technology mapping. The course work involves programming exercises and one course project.",1,1,1,1
ESE327,Fundamental Algorithms for Machine Learning Systems,Undergraduate,3.0,[['ESE224']],NONE,NONE,"The course presents the fundamental methods used in Machine Learning for engineering applications. The course discusses representation models for learning, extraction of frequent patterns, classification, clustering, and application of these techniques for different engineering applications. Supervised and unsupervised learning methods are discussed. The course includes two projects that involve devising and implementing the studied techniques and their evaluation using standard benchmark data.",1,1,1,1
ESE330,Integrated Electronics,Undergraduate,3.0,[['ESE273']],NONE,NONE,An overview of the design and fabrication of integrated circuits. Topics include gate-level and transistor-level design; fabrication material and processes; layout of circuits; automated design tools. This material is directly applicable to industrial IC design and provides a strong background for more advanced courses.,1,1,1,1
ESE331,Semiconductor Devices,Undergraduate,3.0,"[['AMS361', 'MAT303'], ['PHY127', 'PHY132', 'PHY142']]",NONE,NONE,"The course covers physical principles of operation of semiconductor devices. Energy bands and energy band diagram, carrier densities, transport properties, generation recombination phenomena in bulk semiconductors, and the continuity equation are covered first. Equipped with an understanding of the character of physical phenomena in semiconductors, students learn the principles of operation, current-voltage characteristics, and nonidealities of p-n junction diodes, metal-semiconductor contacts, bipolar junction transistors, and field effect transistors. Not for credit in addition to EEO 331.",1,1,1,1
ESE332,Quantum Mechanics for Engineers,Undergraduate,3.0,"[['PHY122', 'PHY126'], ['PHY132', 'PHY142'], ['MAT127', 'AMS161']]",NONE,"[['AMS261', 'MAT203']]",Introductory undergraduate level first course in quantum mechanics geared towards engineers and applied physicists. Comprehensive introduction to quantum mechanics and its application to real-world problems.,1,1,1,1
ESE333,Real-Time Operating Systems,Undergraduate,3.0,"[['ESE224', 'CSE214'], ['ESE280']]",NONE,NONE,"Introduces basic concepts and principles of real-time operating systems. Topics include structure, multiple processes, interprocess communication, real-time process scheduling, memory management, virtual memory, file system design, security, protection, and programming environments for real-time systems.",1,1,1,1
ESE334,Introduction to Nanoelectronic Devices,Undergraduate,3.0,[['ESE331']],NONE,NONE,"The major goals and objectives are to provide undergraduate students with initial knowledge and understanding of nanoelectronic devices. The course will cover physical properties of low-dimensional structures (quantum wells, quantum wires, quantum dots, and superlattices) that create a basis for operation of nanoelectronic devices as well as nanostructure fabrication, characterization and applications in nanoelectronics. Additionally, the course will cover applications of nanotechnology in biology and medicine.",1,1,1,1
ESE337,Digital Signal Processing: Theory,Undergraduate,3.0,[['ESE305']],NONE,NONE,"Introduces digital signal processing theory, discrete time sequences and systems, linear time-invariant (LTI) systems, convolution sum, Discrete Time Fourier Transform (DTFT), Z-transform, Discrete Fourier Series (DFS), sampling DTFT, Discrete Fourier Transform (DFT), Fast Fourier Transform (FFT), sampling and reconstruction of continuous and discrete time signals, design of FIR and IIR filters, difference equations.",1,1,1,1
ESE342,Communication Systems,Undergraduate,3.0,[['ESE306']],NONE,NONE,"Basic concepts in both analog and digital data communications; signals, spectra, and linear networks; Sampling and pulse modulation; Pulse modulation schemes; Principles of digital transmission; Behavior of analog and digital systems in noise; Channel capacity and channel coding schemes.",1,1,1,1
ESE343,Mobile Cloud Computing,Undergraduate,3.0,"[['ESE224', 'CSE214', 'CSE230', 'ISE208']]",NONE,NONE,"Introduction to the basic concepts of mobile cloud computing, including: 1. The mobile computing technology used in modern smart phones; 2. The cloud computing technology used in existing data centers; 3. The synergy of mobile and cloud computing and its applications; 4. Programming on smart phone utilizing data center services. Students will gain knowledge of: the fundamental principles of mobile cloud computing, the major technologies that support mobile cloud computing, the current challenges and primary areas of research within the field of mobile cloud computing, and a basic understanding of the role of mobile cloud computing in the context of everyday living.",1,1,1,1
ESE344,Software Techniques for Engineers,Undergraduate,3.0,[['ESE224']],NONE,NONE,"This course covers software techniques for solving electrical and computer engineering problems in the C++ programming language. Design, implementation, and application to engineering problems of non-linear data structures and related advanced algorithms are covered. This includes binary trees, trees, graphs, and networks. OOP features such as Polymorphism, templates, Exception handling, File I/O operations, as well as Standard Template Library are used in the programming projects.",1,1,1,1
ESE345,Computer Architecture,Undergraduate,3.0,"[['ESE280'], ['ESE382']]",NONE,NONE,"This course focuses on the fundamental techniques of designing and evaluating modern computer architectures and tradeoffs present at the hardware/software boundary. The emphasis is on instruction set design, processor design, memory and parallel processing. Students will get an understanding of the design process in the context of a complex computer system. Students will undertake a VHDL/Verilog design project using modern CAD tools.",1,1,1,1
ESE346,Computer Communications,Undergraduate,3.0,NONE,NONE,[['ESE306']],"Basic theory and technology of computer communications. Introduction to performance evaluation, error codes and routing algorithms.  Introduction to queueing theory, machine learning for networking and network planning.  Other topics include Ethernet, wireless networks including LTE, 5G and 6G, fiber optic networking, software defined networking, networking on chips, space networks, data centers, grids and clouds. Not for credit in addition to CSE 310 or ISE 316 or ISE 317 or EEO 346.",1,1,1,1
ESE347,Digital Signal Processing: Implementation,Undergraduate,4.0,"[['ESE337', 'ESE305']]",NONE,NONE,"Fundamental techniques for implementing standard signal-processing algorithms on dedicated digital signal-processing chips. Includes a review of discrete-time systems, sampling and reconstruction, FIR and IIR filter design, FFT, architecture and assembly language of a basic signal processing chip, and an introduction to adaptive filtering.",1,1,1,1
ESE350,Electric Power Systems,Undergraduate,3.0,[['ESE271']],NONE,NONE,"Fundamental engineering theory for the design and operation of a modern electric power system. Modern aspects of generation, transmission, and distribution are considered with appropriate inspection trips to operating electric power facilities (when available). Topics included are: Three Phase AC systems, phasor and function of time analysis, per unit representation, transmission line parameters, delta-wye transformers, power flow, transient stability, renewable energy integration, and basics of power system protection.",1,1,1,1
ESE352,Electromechanical Energy Converters,Undergraduate,3.0,[['ESE273']],NONE,NONE,"An introduction to the conversion of mechanical power to electric power (generators) and the conversion of electric power to mechanical power (motors). Analysis of the interaction of magnetic fields with electric current and moving conductors to produce electromagnetic force and induced voltage. Energy converters studied include three phase AC synchronous generators and motors, AC induction motors, DC linear and rotating machines, and single phase AC motors. An introduction to inverter-based renewable energy generations in power systems.",1,1,1,1
ESE355,VLSI System Design,Undergraduate,4.0,[['ESE118']],NONE,NONE,Introduces techniques and tools for scalable VLSI design and analysis. Emphasis is on physical design and on performance analysis. Includes extensive laboratory experiments and hands-on use of CAD tools.,1,1,1,1
ESE356,Digital System Specification and Modeling,Undergraduate,3.0,"[['ESE224'], ['ESE280']]",NONE,NONE,"A comprehensive introduction to the field of system level design. This course introduces basic concepts of complex hybrid (software/hardware) system modeling and simulation methodologies. Topics include top-down and bottom-up design methodology, system complexity refinement, SystemC specification language syntax and semantics, behavioral and system-level modeling, channel and interface modeling and implementation, and IP core development. Included are three projects on modeling and simulation.",1,1,1,1
ESE358,Computer Vision,Undergraduate,3.0,"[['ESE305'], ['ESE224', 'CSE230']]",NONE,NONE,"Introduces fundamental concepts, algorithms, computational techniques, and applications in visual information processing. Covers image formation models and image filtering, binary image analysis, feature detection, contours, image segmentation, 3D image capture and analysis through stereo, motion, structured-light, and LIDAR, medical images, pattern classification, machine learning, and 3D object recognition.",1,1,1,1
ESE360,Network Security Engineering,Undergraduate,3.0,NONE,NONE,"[['ESE346', 'ISE310']]","An introduction to computer network and telecommunication network security engineering. Special emphasis on building security into hardware and hardware working with software. Topics include encryption, public key cryptography, authentication, intrusion detection, digital rights management, firewalls, trusted computing, encrypted computing, intruders and viruses. Not for credit in addition to CSE 408.",1,1,1,1
ESE366,Design using Programmable Mixed-Signal Systems-on-Chip,Undergraduate,4.0,"[['ESE380'], ['ESE372'], ['ESE224', 'CSE230']]",NONE,NONE,This course focuses on development of mixed-signal embedded applications that utilize systems on chip (SoC) technology.  The course discusses design issues such as: implementation of functionality; realizing new interfacing capabilities; and improving performance through programming the embedded microcontroller and customizing the reconfigurable analog and digital hardware of SoC.,1,1,1,1
ESE375,Architectures for Digital Signal Processing,Undergraduate,3.0,"[['ESE280'], ['ESE305']]",NONE,NONE,"This course covers various aspects of architectures in digital signal processing and multimedia data processing. The topics include iteration bound analysis, retiming the circuits, unfolding and folding the architectures, algorithmic and numerical strength reduction for low power and low complexity design, introduction to array processor architectures and CORDIC implementation.",1,1,1,1
ESE381,Embedded Microprocessor Systems Design II,Undergraduate,4.0,[['ESE271']],NONE,NONE,"A continuation of ESE 380. The entire system design cycle, including requirements definition and system specifications, is covered. Topics include real-time requirements, timing, interrupt driven systems, analog data conversion, multi-module and multi-language systems. The interface between high-level language and assembly language is covered. A complete system is designed and prototyped in the laboratory.",1,1,1,1
ESE382,Digital Design Using VHDL and PLDs,Undergraduate,4.0,[['ESE118']],NONE,NONE,"Digital system design using the hardware description language VHDL and system implementation using complex programmable logic devices (CPLDs) and field programmable gate arrays (FPGAs). Topics include design methodology, VHDL syntax, entities, architectures, testbenches, subprograms, packages, and libraries. Architecture and characteristics of PLDs and FPGAs are studied. Laboratory work involves writing the VHDL descriptions and testbenches for designs, compiling, and functionally stimulating the designs, fitting and timing simulation of the fitted designs, and programming the designs into a CPLD or FPGA and bench testing.",1,1,1,1
ESE388,Foundations of Machine Learning,Undergraduate,3.0,"[['ESE224'], ['ESE306']]",NONE,NONE,"This course provides an introduction to the fundamental concepts of machine learning. Statistical learning framework is utilized for clustering, classification, and prediction tasks. Concepts are reinforced through theoretical and programming assignments, with applications in computer vision, natural language processing and bioinformatics.",1,1,1,1
ESE411,Analog Integrated Circuits,Undergraduate,3.0,[['ESE273']],NONE,NONE,"Single-stage amplifiers biased and loaded with current mirrors. Frequency response. Two-stage operational amplifiers designed by conventional and computer-aided techniques. Negative feedback, stability and compensation.",1,1,1,1
ESE412,Lightwave Devices,Undergraduate,3.0,[['ESE331']],NONE,NONE,"Introduction to optical semiconductor devices and their applications in telecommunications, optoelectronics, and consumer electronics-areas where signal processing or the transmission of signals across free space or fiber optic cables is involved. It discusses design and operation of optical modulators, quantum well lasers, light emitting diodes, and photodetectors.",1,1,1,1
ESE413,Introduction to Photovoltaics,Undergraduate,3.0,[['ESE331']],NONE,NONE,"Introduction to the basic concepts of photovoltaic solar energy conversion, including: 1. The solar resource in the context of global energy demand; 2. The operating principles and theoretical limits of photovoltaic devices; 3. Device fabrication, architecture, and primary challenges and practical limitations for the major technologies and materials used for photovoltaic devices. Students will gain knowledge of: the device physics of solar cells, the operating principles of the major commercial photovoltaic technologies, the current challenges and primary areas of research within the field of photovoltaics, and a basic understanding of the role of photovoltaics in the context of the global energy system.",1,1,1,1
ESE414,Fundamentals of Low Noise Electronics for Sensors,Undergraduate,3.0,[['ESE411']],NONE,NONE,"Introduction to sensor model, electronic noise, signal-to-noise analysis in frequency and time domains, low-noise charge amplification, low-noise amplifier design, filter design, analog and digital signal processing for sensors.",1,1,1,1
ESE435,Power System Analysis,Undergraduate,3.0,"[['AMS210'], ['ESE271']]",NONE,NONE,"The course focuses on fundamental analytics of power systems. The course will help students understand major problems in power system static, dynamic, and stability analysis, as well as fundamental optimization issues in power system operation. The course covers power system steady-state modeling with emphasis on admittance and impedance matrix, power system dynamics modeling with emphasis on the functional state-space model, and power system analytics with emphasis on power flow analysis, eigenvalue analysis, and time-domain transient simulation. Advanced topics such as power system optimization exemplified by optimal power flow and unit commitment, as well as power system control will also be introduced. Emphasis is on using applied mathematics to analyze power system problems.",1,1,1,1
ESE440,Senior Design I,Undergraduate,3.0,[['ESE300']],NONE,NONE,"The senior design sequence (ESE 440 and ESE 441) is a two-semester, team based and independent capstone project with deliverables. The primary objective of the senior design course sequence is to provide a vehicle for students to transition from an academic environment to that of a commercial/professional engineering environment. Students learn to work in teams to complete a project from concept, practical design based on multiple constraints, to creating a deliverable product meeting the design specifications. Students present written, oral and poster presentations of the project. While most of the project work is done outside the classroom, guest speakers provide insight into other related topics from resume preparation, to program management, to team dynamics and to design methodologies used in industry. The project incorporates appropriate engineering standards and multiple realistic constraints. The final grade will be assigned at the end of the two course sequence ESE 440-441. Not counted as a technical elective. This course has an associated fee. Please see www.stonybrook.edu/coursefees for more information.",1,1,1,1
ESE441,Senior Design II,Undergraduate,3.0,[['ESE440']],NONE,NONE,"The senior design sequence (ESE 440 and ESE 441) is a two-semester, team based and independent capstone project with deliverables. The primary objective of the senior design course sequence is to provide a vehicle for students to transition from an academic environment to that of a commercial/professional engineering environment. Students learn to work in teams to complete a project from concept, practical design based on multiple constraints, to creating a deliverable product meeting the design specifications. Students present written, oral and poster presentations of the project. While most of the project work is done outside the classroom, guest speakers provide insight into other related topics from resume preparation, to program management, to team dynamics and to design methodologies used in industry. The project incorporates appropriate engineering standards and multiple realistic constraints. Not counted as a technical elective. This course has an associated fee. Please see www.stonybrook.edu/coursefees for more information.",1,1,1,1
ESE442,Recent Advances in Communications and Wireless Networks,Undergraduate,3.0,"[['ESE342', 'ESE346', 'CSE310']]",NONE,NONE,This course covers major wireless network protocols and recent advances on selected topics of communications and networks. Students are expected to survey the current literature on the subject area of the course and complete a project.,1,1,1,1
ESE451,Power Electronics,Undergraduate,3.0,[['ESE273']],NONE,NONE,"An introduction to the design and characterization of high-efficiency switch-mode power converters. Fundamental dc-dc converter topologies will be introduced and analyzed in the steady state and dynamically. The application of semiconductor devices in power applications including MOSFET, BJT, IGBT, and thyristors will be studied. Non-idealities in circuit components and the design of magnetic components will be discussed. Students will build and characterize circuits of their own design.",1,1,1,1
ESE452,Advanced Power Electronics,Undergraduate,3.0,[['ESE451']],NONE,NONE,"A continued study of switching power converters after ESE 451. Topics include power factor and AC power line current harmonics, analysis of discontinuous circuit operation, resonant converters, and soft-switching. The advantages of wide band gap semiconductors in high power applications will be discussed. Students will build and characterize their designs.",1,1,1,1
ESE457,Fundamentals of Digital Image Processing,Undergraduate,3.0,"[['ESE305'], ['ESE224']]",NONE,NONE,"This course covers fundamentals of digital image processing. Basic principles, computational algorithms, and applications are covered. Topics include image formation and sensing, sampling and quantization, image enhancement and histogram analysis, geometric transformations, filtering in the spatial and Fourier domains, edge and feature detection, color image processing, image deblurring, and medical images and computed tomography.",1,1,1,1
ESE462,AI Driven Smart Grids,Undergraduate,3.0,"[['ESE350', 'ESE435'], ['AMS210', 'MAT211']]",NONE,NONE,"The course focuses on Artificial Intelligence (AI) applications to power system modeling, analysis, and operation. Topics include basics of AI and smart grid, AI-driven modeling such as load/renewable energy prediction and dynamic model discovery, AI-driven power system analysis such as dynamic simulation, and stability and security assessment, and AI-based operation such as optimal dispatch and emergency control. Emerging topics, including generative AI, quantum machine learning, and trustworthy AI, will also be discussed. Students enrolled in the course are expected to possess a foundational capability in using Matlab or Python for developing basic programs.",1,1,1,1
ESE475,Undergraduate Teaching Practicum,Undergraduate,3.0,NONE,NONE,NONE,Students assist the faculty in teaching by conducting recitation or laboratory sections that supplement a lecture course. The student receives regularly scheduled supervision from the faculty instructor. May be repeated once but only three credits may be counted as an ESE elective.,1,1,1,1
ESE476,Instructional Laboratory Development Practicum,Undergraduate,3.0,NONE,NONE,NONE,Students work closely with a faculty advisor and staff in developing new laboratory experiments for scheduled laboratory courses in electrical and computer engineering. A comprehensive technical report and the instructional materials developed must be submitted at the end of the course. May be used as a technical elective for electrical and computer engineering majors. May be repeated as an open elective.,1,1,1,1
ESE481,Design of Secure IoT Embedded Systems,Undergraduate,4.0,[['ESE381']],NONE,NONE,"This course focuses on the design, development, and implementation of secure IoT systems using microcontrollers, radio modules, sensors, and actuators. Topics include security and access management. Installation of security credentials on a microcontroller. Microcontrollers with radio modules. Pre-provisioned radio modules. AWS serverless IoT. ExpressLink and AT commands. Permissions, policies and rules. IoT payloads and JSON. Message brokers. Publish and subscribe principle. MQTT broker and verification tools. IoT centric cloud services and their use. Operating a microcontroller in low power modes. The laboratory portion of the course will provide hands-on experience in designing and implementing IoT embedded systems.",1,1,1,1
ESE488,Internship in Electrical/Computer Engineering,Undergraduate,3.0,NONE,NONE,NONE,An independent off-campus engineering project with faculty supervision. May be repeated but only three credits may be counted as an ESE elective.,1,1,1,1
ESE494,Honors Seminar on Research,Undergraduate,1.0,NONE,NONE,NONE,"An introduction to the world wide research enterprise with special emphasis on research in the United States. Topics include research funding, publications, patents, career options, theory versus experiment, entrepreneurship and presentation skills.",1,1,1,1
ESE495,Honors Research Project,Undergraduate,3.0,[['ESE494']],NONE,NONE,"A research project, for students in the honors program, conducted under the supervision of an electrical and computer engineering faculty member.",1,1,1,1
ESE499,Research in Electrical Sciences,Undergraduate,0.00 - 3.00,NONE,NONE,NONE,An independent research project with faculty supervision. Permission to register requires a 3.00 g.p.a. in all engineering courses and the agreement of a faculty member to supervise the research. May be repeated but only three credits may be counted as an ESE elective.,1,1,1,1
ESE500,Introduction to Engineering Education,Graduate,3.0,NONE,NONE,NONE,"This graduate course provides an in-depth examination of engineering knowledge and practices in the context of secondary science content and instruction. The focus is on engineering design principles and how they may be applied to biology, chemistry, and physics disciplinary domains. Key concepts of effective engineering education will be introduced: design-based approaches, optimization, STEM integration, assessment, and transfer of science principles to technology solutions. Students will participate in engineering education opportunities through project design, research, and/or curriculum opportunities at the secondary and post-secondary levels.",1,1,1,1
ESE501,System Specification and Modeling,Graduate,3.0,NONE,NONE,NONE,"A comprehensive introduction to the field of System-on-Chip design.  Introduces basic concepts of digital system modeling and simulation methodologies.  Various types of hardware description language (HDL) will be studied, including Verilog, VHDL, and SystemC.  Topics include top-down and bottom-up design methodology, specification language syntax and semantics, RTL, behavioral and system-level modeling, and IP core development.  Included are three projects on hardware modeling and simulation.
Fall, every year",1,1,1,1
ESE502,Linear Systems,Graduate,3.0,NONE,NONE,NONE,"Development of transfer matrices and state-space equations from the concepts of linearity, time-invariance, causality, and lumpedness. Op-amp circuit implementations. Solutions and equivalent state equations. Companion and modal forms. Stability and Lyapunov equations. Controllability, observability, and their applications in minimal realization, state feedback, and state estimators. Coprime fraction of transfer functions and their designs in pole-placement and model matching. Both the continuous-time and discrete-time systems will be studied.
Fall,",1,1,1,1
ESE503,Stochastic Systems,Graduate,3.0,NONE,NONE,NONE,"Basic probability concepts and application. Probabilistic bounds, characteristic functions, and multivariate distributions. Central limit theorem, normal random variables, stochastic processes in communications, control, and other signal processing systems. Stationarity, ergodicity, correlation functions, spectral densities, and transmission properties. Optimum linear filtering, estimation, and prediction.
Fall,",1,1,1,1
ESE504,Performance Evaluation of Communications and Computer Systems,Graduate,3.0,NONE,NONE,NONE,"Advanced scheduling theory, queuing models and algorithms for communication and computer systems. Transient analysis and M/G/1 queue models. Networks of queues, mean value analysis and convolution algorithms. Petri networks. Bursty and self-similar traffic. Divisible load theory for scheduling and parallel computer performance evaluation.
Prerequisite: ESE 503 or permission of instructor.",1,1,1,1
ESE505,Wireless Communications,Graduate,3.0,NONE,NONE,NONE,"This course covers first year graduate level material in the area of wireless communications:  Wireless channels, overview of digital communications and signal processing for wireless comm., voice and data applications, design basics for wireless modems, analysis of system issues like resource management and handoff, cellular and wireless LAN systems. 
Fall or Spring, every year",1,1,1,1
ESE506,Wireless Network,Graduate,3.0,NONE,NONE,NONE,"This course will examine the area of wireless networking and mobile computing, looking at the unique network protocol challenges and opportunities presented by wireless communications and host or router mobility. The course will give a brief overview of fundamental concepts in mobile wireless systems and mobile computing, it will then cover system and standards issues including second generation circuit switched and third generation packet switched networks, wireless LANs, mobile IP, ad-hoc networks, sensor networks, as well as issues associated with small handheld portable devices and new applications that can exploit mobility and location information. This is followed by several topical studies around recent research publications in mobile computing and wireless networking field. This course will make the system architecture and applications accessible to the electrical engineer.
Prerequisites: ESE 505 and ESE 546 or ESE 548, or permission of instructor",1,1,1,1
ESE507,Advanced Digital System Design and Generation,Graduate,3.0,NONE,NONE,NONE,"This course focuses on languages, tools and abstractions for design and implementation of digital systems.  Course material is divided roughly into three categories: Limitations and constraints on modern digital systems; Hardware design abstractions, languages, and tools (including the SystemVerilog hardware description language); and new architectures and paradigms for digital design.  Coursework will be primarily project and assignment based; there will also be reading and discussion of published papers in these areas.  Students should have experience with hardware description languages (VHDL, Verilog, or System Verilog) and software (C, C++ or Java).
Fall, 3 credits, grading ABCF.",1,1,1,1
ESE509,Modern Energy Technologies,Graduate,3.0,NONE,NONE,NONE,"This course cover a broad array of technologies that are essential to the modern energy industry, specifically focusing on the most contemporary topics and ¿hot¿ areas of research, development, and deployment.  Students will gain a quantitative understanding of selected energy generation technologies, energy storage technologies, and pollution control technologies.",1,1,1,1
ESE510,Electronic Circuits,Graduate,3.0,NONE,NONE,NONE,"This is a course in the design and analysis of analog circuits, both discrete and integrated. The first part of the course presents basic topics related to circuit analysis: laws, theorems, circuit elements and transforms. Fundamental semiconductor devices are introduced next. A number of aspects of circuit design beginning with basic device operation through the design of large analog functional blocks including amplifiers, oscillators and filters are discussed.
Cannot be used to fulfill any ESE degree requirements.
Fall,",1,1,1,1
ESE511,Solid-State Electronics,Graduate,3.0,NONE,NONE,NONE,"A study of the electron and hole processes in solids leading to the analysis and design of solid-state electronic devices. Solutions to the Schrodinger representation of quantum effects, perturbation techniques. Simple band structure, effective mass theorem. Derivation and application of the Boltzmann transport theory. Electrical and thermal conductivities of metals and of semiconductors, and their application to electronic devices. Properties of semi conductors and the theories underlying the characteristics of semiconductor devices. Fall, 3 credits, grading ABCF.",1,1,1,1
ESE512,Introduction to Quantum Systems Engineering,Graduate,3.0,NONE,NONE,NONE,"A study of fundamental properties of homojunction and heterojunction semiconductor devices. Derivation of the characteristic equation for p-n junction diodes, for the bipolar junction transistor (BJT) and for the heterojunction bipolar transistor (HBT); the device parameters for low- and high-frequency operation, the effects on the device characteristics of fabrication methods and of structural arrangements. The development of the large-signal and small-signal equivalent circuits for the p-n diode and the BJT and HPT devices, with emphasis on models used in prevalent computer-aided analysis (e.g., SPICE). Consideration of the devices in integrated-circuit applications. Spring,",1,1,1,1
ESE513,Introduction to Photovoltaics,Graduate,3.0,NONE,NONE,NONE,"Introduction to the basic concepts of photovoltaic solar energy conversion, including: 1. The solar resource in the context of global energy demand; 2. The operating principles and theoretical limits of photovoltaic devices; 3. Device fabrication, architecture, and primary challenges and practical limitations for the major technologies and materials used for photovoltaic devices.  Students will gain knowledge of the device physics of solar cells, the operating principles of the major commercial photovoltaic technologies, the current challenges and primary areas of research within the field of photovoltaics, and a basic understanding of the role of photovoltaics in the context of the global energy system.",1,1,1,1
ESE514,MOSTransistor Modeling,Graduate,3.0,NONE,NONE,NONE,"An overview of the metal-oxide semiconductor (MOS) transistor and its models for circuit analysis. The course is modular in structure. In a common first part, CMOS fabrication, device structure and operation are introduced. Starting from basic concepts of electrostatics, MOS field-effect transistor operation is presented in an intuitive fashion, and no advanced background in solid-state theory is required. Analytical models of increasing complexity and their SPICE Implementations are discussed. The second part of the course allows students to focus on their field of preference: Device physics; digital circuits; Analog circuits. The course includes a project in one of these subtopics.
Fall,",1,1,1,1
ESE515,Quantum Electronics I,Graduate,3.0,NONE,NONE,NONE,"Physics of microwave and optical lasers. Topics include introduction to laser concepts; quantum theory; classical radiation theory; resonance phenomena in two-level systems; Block equations-Kramers-Kronig relation, density matrix; rate equation and amplification; CO2 lasers; discharge lasers; semiconductor lasers.
Fall,",1,1,1,1
ESE516,Integrated Electronic Devices and Circuits I,Graduate,3.0,NONE,NONE,NONE,"Theory and applications: elements of semiconductor electronics, methods of fabrication, bipolar junction transistors, FET, MOS transistors, diodes, capacitors, and resistors. Design techniques for linear digital integrated electronic components and circuits. Discussion of computer-aided design, MSI, and LSI.
Fall,",1,1,1,1
ESE517,Integrated Electronic Devices and Circuits II,Graduate,3.0,NONE,NONE,NONE,"Theory and applications: elements of semiconductor electronics, methods of fabrication, bipolar junction transistors, FET, MOS transistors, diodes, capacitors, and resistors. Design techniques for linear digital integrated electronic components and circuits. Discussion of computer-aided design, MSI, and LSI.
Spring,",1,1,1,1
ESE518,Advanced design of low noise and low power analog circuits,Graduate,3.0,NONE,NONE,NONE,"Students will learn state-of-the-art circuit techniques for low-noise and low-power amplification and processing of signals from sensors. Examples of circuits are low-noise amplifiers, filters, peak directors and discriminators. Applications range from medical, to security, safety, industrial measurements and physics research. As a course project, students will develop part of a front-end circuit from transistor level to physical layout using industry-standard CAD tools, and will participate in the experimental characterization of those similar circuits. At the end of the course the student will own a solid background and the basic instruments to design low-noise and low-power amplifiers and processing circuits.
Offered in Fall, 3 Credits, ABCF Grading",1,1,1,1
ESE519,Semiconductor Lasers and Photodetectors,Graduate,3.0,NONE,NONE,NONE,"The course provides an introduction to performance, testing and fabrication techniques for semiconductor lasers and photodetectors. The topics include fundamentals of laser and detector operation, devices band diagram, device characteristics, and testing techniques for analog and digital edge emitting and surface emitting lasers, avalanche and PIN photodetectors. Special attention is given to the design and working characteristics of transmitters and pumping lasers for telecommunication networks.
Prerequisite: BS in Physical Sciences or Electrical and Computer Engineering",1,1,1,1
ESE520,Applied Electromagnetics,Graduate,3.0,NONE,NONE,NONE,"Wave phenomena and their importance in electromagnetic engineering. Harmonic waves. Phase and group velocities. Dispersive and nondispersive propagation. Transmission lines. Maxwell Equations. Uniform plane waves, waveguides, resonators. Scattering matrix theory. Introduction to antenna theory. Electrostatics and magnetostatics as special cases of Maxwell equations.
Spring,",1,1,1,1
ESE522,Fiber Optic Systems,Graduate,3.0,NONE,NONE,NONE,"This course covers the essential components of a modern optical fiber communication system: (I) wave propagation in optical fiber waveguides, (II) transmitter design, (III) receiver design, (IV) single wavelength fiber-optic networks, and (V) wavelength division multiplexing networks.
Prerequisite: ESE 319
Fall,",1,1,1,1
ESE523,Quantum Computing and Applications,Graduate,4.0,NONE,NONE,NONE,"This course is an introduction to and survey of the Quantum Computing, an emerging interdisciplinary field of science which has the potential to revolutionize computation over the next ten years, to transform chemistry, medicine, engineering and communications, as well as to change our understanding of physical world. The course will build intuitive approach to quantum computation and algorithms, but also will advance relevant vocabulary and skills for faculties and graduate students in engineering, computing, applied mathematics, chemistry, physics, and related sciences. The key questions of the quantum computing will be introduced. How to describe quantum systems and quantum operations? What is a quantum computer and what are the limits of quantum power? What is the difference between classical and quantum computation? Quantum teleportation? Quantum entanglement and superposition? How to mitigate errors and decoherence and transmit information through noisy channels? What are business applications and engineering challenges of the quantum computers? What are the gains in running quantum vs. classical algorithms? What are the physical principles of the current quantum computers hardware and what are technology requirements for realistic quantum computers?",1,1,1,1
ESE524,Microwave Acoustics,Graduate,3.0,NONE,NONE,NONE,"Continuum acoustic field equations. Wave equation, boundary conditions, and Pointing vector. Waves in isotropic elastic media: plane-wave modes, reflection and refraction phenomena, bulk-acoustic-wave (BAW) waveguides, surface acoustic waves (SAW). Plane and guided waves in piezoelectric media. BAW transduction and applications: delay-line and resonator structures, the Mason equivalent circuit, monolithic crystal filters, IM CON dispersive delay lines, acoustic microscopes, SAW transduction and applications: the interdigital transducer, band-pass filters, dispersive filters, convolvers, tapped delay lines, resonators.
Prerequisite: ESE 319
Fall,",1,1,1,1
ESE525,Moden Sensors in Artificial Intelligence Applications,Graduate,3.0,NONE,NONE,NONE,"Sensors are devices that convert physical values into electrical signals. This course will provide practical information on diversified subjects related to the operation principles, design and use of various sensors. Established and novel sensor technologies as well as problems of interfacing various sensors with electronics are discussed.",1,1,1,1
ESE526,Silicon Technology for VLSI,Graduate,3.0,NONE,NONE,NONE,"This course introduces the basic technologies employed to fabricate advanced integrated circuits. These include epitaxy, diffusion, oxidation, chemical vapor deposition, ion implantation lithography and etching. The significance of the variation of these steps is discussed with respect to its effect on device performance. The electrical and geometric design rules are examined together with the integration of these fabrication techniques to reveal the relationship between circuit design and the fabrication process.
Fall,",1,1,1,1
ESE528,Communication Systems,Graduate,3.0,NONE,NONE,NONE,"This course provides a general overview of communication theory and addresses fundamental concepts in this field. After a review of signals and systems representations, various continuous and digital modulation schemes are analyzed. Spread spectrum systems and their application to multiuser communications are also addressed. Advanced communication systems are described and general concepts of wide and local area networks are introduced.
Fall,",1,1,1,1
ESE530,Computer-Aided Design,Graduate,3.0,NONE,NONE,NONE,"The course presents techniques for analyzing linear and nonlinear dynamic electronic circuits using the computer. Some of the topics covered include network graph theory, generalized nodal and hybrid analysis, companion modeling. Newton's method in n-dimensions and numerical integration.
Prerequisite: B.S. in Electrical Engineering
Spring,",1,1,1,1
ESE531,Statistical Learning and Inference,Graduate,3.0,NONE,NONE,NONE,"Minimum variance unbiased estimation, Cramer- Rao lower bounds, learning and inference with linear models, maximum likelihood estimation, least squares estimation, Bayesian inference, statistical decision theory, hypothesis testing with deterministic and random signals, composite hypothesis testing, model
selection.",1,1,1,1
ESE532,Theory of Digital Communication,Graduate,3.0,NONE,NONE,NONE,"Optimum receivers, efficient signaling, comparison classes of signaling schemes. Channel capacity theorem, bounds on optimum system performance, encoding for error reduction, and the fading channel. Source coding and some coding algorithms.
Prerequisite: ESE 503
Fall,",1,1,1,1
ESE533,Convex Optimization and Engineering Applications,Graduate,3.0,NONE,NONE,NONE,"Introduction to convex optimization and its applications.  Convex sets, functions, and basics of convex analysis.  Linear and quadratic programs, second-order cone and semidefinite programming, geometric programming.  Duality theory and optimality conditions. Unconstrained minimization methods.  Interior-point methods.  Nondifferentiable problems.  Decomposition methods.  Applications in engineering fields including statistical signal processing, communications, networking, energy systems, circuit design, and machine learning.",1,1,1,1
ESE534,Cyber Physical Systems,Graduate,3.0,NONE,NONE,NONE,"As computers and communication bandwidth become ever-faster and ever-cheaper, computing and communication capabilities will be embedded in all types of objects and structures in the physical environment.  Applications with enormous societal impact and economic benefit will be created by harnessing these capabilities in time and across space.  We refer to systems that bridge the cyber-world of computing and communications with the physical world as cyber physical systems (CPS).  This course covers important areas from the research literature on SPS.  Three application domains are emphasized: medical devices for health care, smart transportation systems, and smart buildings.  Several key cross-cutting principles, independent of the application domain, are also covered, including formal modeling, embedded systems, real-time systems, feedback control and sensor networks.
Prerequisite: Background in embedded systems and computer networking is necessary.",1,1,1,1
ESE535,Power System Analysis,Graduate,3.0,NONE,NONE,NONE,"The course focuses on fundamental analytics of power systems. It will help students understand major problems in power system static, dynamic, and stability analysis, as well as fundamental optimization issues in power system operation. The course covers power system steady-state modeling with emphasis on admittance and impedance matrix, power system dynamics modeling with emphasis on the functional state-space model, power system analytics with emphasis on power flow analysis, eigenvalue analysis, and time-domain transient simulation, as well as fundamental power system operation issues with emphasis on optimal power flow, unit commitment, and power system control. Emphasis is on using applied mathematics and computer-based methods to analyze power system problems.",1,1,1,1
ESE536,Switching and Routing in Parallel and Distributed Systems,Graduate,3.0,NONE,NONE,NONE,"This course covers various switching and routing issues in parallel and distributed systems. Topics include message switching techniques, design of interconnection networks, permutation, multicast and all-to-all routing in various networking nonblocking, and rearrangable capability analysis and performance modeling.
Prerequisite: ESE 503 and 545 or CSE 502 and 547, or permission of instructor",1,1,1,1
ESE537,Mobile Sensing Systems & Applications,Graduate,3.0,NONE,NONE,NONE,"This is a graduate course focusing on recent advances and developments in mobile sensing systems and their applications, especially those leveraging modern mobile devices and embedded sensors.  Topics include: conventional mote-class sensor networks, participatory sensing leveraging mobile devices, intelligent hardware and Internet-of-Things, location sensing, future information centric networking, and applications in smart homes, buildings, transportation, environment and health/fitness.  Student need to read latest literature and write reviews, work on research problems and develop solutions, present their work and write formal reports.  The practice of the basic research skills are major components.  This course intends to be self-sufficient and prior experiences in programming, mobile devices and embedded systems is a plus.",1,1,1,1
ESE538,Nanoelectronics,Graduate,3.0,NONE,NONE,NONE,"The major goals and objectives are to provide graduate students with knowledge and understanding of physical background and applications of nanoelectronics.  The course will cover electrical and optical properties of materials and nanostructures, fabrication of nanostructures, nanoelectronic devices including resonant-tunneling devices, transistors, and single-electron transfer devices, as well as applications of nanotechnologies in molecular biology and medicine.",1,1,1,1
ESE539,Power Electronics and Motor Drives,Graduate,3.0,NONE,NONE,NONE,"This course is designed to cover the basic concepts of motor control, motor drive design and power electronics inverters.",1,1,1,1
ESE540,Reliability Theory,Graduate,3.0,NONE,NONE,NONE,"Theory of reliability engineering. Mathematical and statistical means of evaluating the reliability of systems of components.  Analytical models for systems analysis, lifetime distributions, repairable systems, warranties, preventive maintenance, and inspection. Software reliability and fault tolerant computer systems.
Prerequisite: ESE 503 or permission of instructor",1,1,1,1
ESE541,Digital System Design,Graduate,3.0,NONE,NONE,NONE,"The course provides an introduction to digital and computer systems. The course follows a top-down approach to presenting design of computer systems, from the architectural-level to the gate-level. VHDL language is used to illustrate the discussed issues. Topics include design hierarchy and top-down design, introduction to hardware description languages, computer-aided design and digital synthesis, basic building blocks like adders, comparators, multipliers, latches, flip-flops, registers etc, static and dynamic random access memory, data and control buses, fundamental techniques for combinational circuit analysis and design, sequential circuit design procedures, and programmable logic devices. Testing of digital designs is addressed throughout the course. A mini project will complement the course.
Cannot be used to fulfill any ESE degree requirements.
Prerequisites: BS in Engineering, but not EE, CE or CS.
Spring,",1,1,1,1
ESE542,Product Design Concept Development and Optimization,Graduate,3.0,NONE,NONE,NONE,"This graduate course will concentrate on the design concept development of the product development cycle, from the creative phase of solution development to preliminary concept evaluation and selection. The course will then cover methods for mathematical modeling, computer simulation and optimization. The concept development component of the course will also cover intellectual property and patent issues. The course will not concentrate on the development of any particular class of products, but the focus will be mainly on mechanical and electromechanical devices and systems. As part of the course, each participant will select an appropriate project to practice the application of the material covered in the course and prepare a final report.
Prerequisites: Undergraduate electrical or mechanical engineering and/or science training.
Fall,",1,1,1,1
ESE543,Mobile Cloud Computing,Graduate,3.0,NONE,NONE,NONE,"Introduction to the basic concepts of mobile cloud computing, including 1. The mobile computing technology used in modern smart phones; 2. The cloud computing technologies used in existing data centers; 3. The synergy of mobile and cloud computing and its applications; and 4. Programming on smart phone utilizing data center services. Students will gain knowledge of the fundamental principles of mobile cloud computing, the major technologies that support mobile cloud computing, the current challenges and primary areas of research within the field of mobile cloud computing, and a basic understanding of the role of mobile cloud computing in the context of the everyday living.",1,1,1,1
ESE544,Network Security Engineering,Graduate,3.0,NONE,NONE,NONE,"An introduction to computer network and telecommunication network security engineering.  Special emphasis on building security into hardware and hardware working with software. Topics include encryption, public key cryptography, authentication, intrusion detection, digital rights management, firewalls, trusted computing, encrypted computing, intruders and virus. Some projects. Fall, alternate years, 3 credits. Prerequisite or co-requisite: ESE 546 or ESE 548.",1,1,1,1
ESE545,Computer Architecture,Graduate,4.0,NONE,NONE,NONE,"The course covers uniprocessor and pipelined vector processors. Topics include: hierarchical organization of a computer system; processor design; control design; memory organization and virtual memory; I/O systems; balancing subsystem bandwidths; RISC processors; principles of designing pipelined processors; vector processing on pipelines; examples of pipelined processors. The course involves a system design project using VHDL.
Prerequisite: ESE 218 or equivalent
Spring,",1,1,1,1
ESE546,Networking Algorithms and Analysis,Graduate,3.0,NONE,NONE,NONE,"An introduction to algorithms and analysis for computer and telecommunication networks.  Continuous time and discrete time single queue analysis.  Algorithms from public key cryptography, routing, protocol verification, multiple access, error codes, data compression, search.
Prerequisite: ESE 503 or permission of instructor.  Fall, 3 credits, grading ABCF.",1,1,1,1
ESE547,Digital Signal Processing,Graduate,3.0,NONE,NONE,NONE,"A basic graduate course in Digital Signal Processing. Sampling and reconstruction of Signals. Review of Z-Transform theory. Signal flow-graphs. Design of FIR and IIR filters. Discrete and fast Fourier transforms. Introduction to adaptive signal processing. Implementation considerations.
Prerequisite: Senior level course in signals and systems
Fall,",1,1,1,1
ESE548,Computer Networks,Graduate,3.0,NONE,NONE,NONE,"Basic theory and technology of computer communications. Introduction to performance evaluation, error codes and routing algorithms. Other topics include Ethernet, wireless networks including LTE and 5G, fiber optic networking, software defined networking, networking on chips, space networks, data centers, grids and clouds, and network security. 3 credits , grading ABCF.",1,1,1,1
ESE549,Advanced VLSI System Testing,Graduate,3.0,NONE,NONE,NONE,"This course is designed to acquaint students with fault diagnosis of logic circuits. Both combinatorial and sequential circuits are considered. Concepts of faults and fault models are presented. Emphasis is given to test generation, test selection, fault detection, fault location, fault location within a module and fault correction.
Prerequisite: BS in Electrical Engineering
Spring,",1,1,1,1
ESE550,Network Management and Planning,Graduate,3.0,NONE,NONE,NONE,"This course provides an introduction to telecommunications and computer network management and planning. Network management is concerned with the operation of networks while network planning is concerned with the proper evolution of network installations over time. Network management topics include meeting service requirements, management operations, management interoperability, and specific architectures such as Telecommunications Management Network (TMN), and Simple Network Management Protocol (SNMP). Network planning topics include planning problem modeling, topological planning design, heuristic and formal solution techniques.
Fall,",1,1,1,1
ESE551,Electronics and Radiation Effects,Graduate,3.0,NONE,NONE,NONE,"A study of the effects of radiation on electronic circuit operation. Radiation may come from space or man-made sources such as nuclear reactors or CAT scan machines. Coverage includes types of radiation, types of effects on circuits such as SEE (Single Event Effects), designing circuits to mitigate radiation effects and testing of circuits prior to deployment. Applications include electronics for space and for use in nuclear reactors and certain medical imaging machines.

Spring, 3 credits, grading ABCF. Pre-req: ESE 272 or ESE 273 or equivalent
electronics course.",1,1,1,1
ESE552,Interconnection Networks,Graduate,3.0,NONE,NONE,NONE,"Formation and analysis of interconnect processing elements in parallel computing organization. Topics include: SIMD/MIMD computers, multiprocessors, multicomputers, density, symmetry, representations, and routing algorithms. Topologies being discussed include: Benes, Omega, Banyan, mesh, hypercube, cube-connected cycles, generalized chordal rings, chordal rings, DeBruijn, Moebius graphs, Cayley graphs, and Borel Cayley graphs.
Prerequisite: ESE 545 or equivalent
Fall,",1,1,1,1
ESE553,A/D and D/A Integrated Data Converters,Graduate,3.0,NONE,NONE,NONE,"This is an advanced course on analog integrated circuit design aspects for data converters. Topics include: continuous and discrete-time signals and systems; sampling theorem; ideal ND and D/A converters; specifications and testing of data converters; basic building blocks in data converters: current sources and mirrors, differential gain stages, voltage references, S/H circuits, comparators: Nyquist D/A and ND converters: principles of data conversion and circuit design techniques; oversampling data converters: low-pass and band-pass delta-sigma modulators, decimation and interpolation for delta-sigma data converters. The attending students must be acquainted with principles of transistor operation, function of simple analysis. Familiarity with SPICE is required.",1,1,1,1
ESE554,Computational Models for Computer Engineers,Graduate,3.0,NONE,NONE,NONE,"This course covers mathematical techniques and models used in the solution of computer engineering problems. The course heavily emphasizes computer engineering application. Topics covered include set theory, relations, functions, graph theory and graph algorithms, and algebraic structures.
Fall,",1,1,1,1
ESE555,Advanced VLSI Systems Design,Graduate,3.0,NONE,NONE,NONE,"Techniques of VLSI circuit design in the MOS technology are presented. Topics include MOS transistor theory, CMOS processing technology, MOS digital circuit analysis and design, and various CMOS circuit design techniques. Digital systems are designed and simulated throughout the course using an assortment of VLSI design tools.
Prerequisite: B.S. in Electrical Engineering or Computer Science
Spring,",1,1,1,1
ESE556,VLSI Physical and Logic Design Automation,Graduate,3.0,NONE,NONE,NONE,"Areas to be covered are Physical Design Automation and Logic Design Automation. Upon completion of this course, students will be able to develop state-of-the art CAD tools and algorithms for VLSI logic and physical design. Tools will address design tasks such as floor planning, module placement and signal routing. Also, automated optimization of combinational and sequential circuits will be contemplated.
Prerequisite: B.S. in Computer Engineering/Science or Electrical Engineering
Fall,",1,1,1,1
ESE557,Digital Signal Processing II: Advanced Topics,Graduate,3.0,NONE,NONE,NONE,"A number of different topics in digital signal processing will be covered, depending on class and current research interest. Areas to be covered include the following: parametric signal modeling, spectral estimation, multirate processing, advanced FFT and convolution algorithms, adaptive signal processing, multidimensional signal processing, advanced filter design, dedicated signal processing chips, and signal processing for inverse problems. Students will be expected to read and present current research literature.
Prerequisite: ESE 547 or permission of instructor
Spring,",1,1,1,1
ESE558,Digital Image Processing I,Graduate,3.0,NONE,NONE,NONE,"Covers digital image fundamentals, mathematical preliminaries of two-dimensional systems, image transforms, human perception, color basics, sampling and quantization, compression techniques, image enhancement, image restoration, image reconstruction from projections, and binary image processing.
Prerequisite: B.S. in Engineering or Physical or Mathematical Sciences
Fall,",1,1,1,1
ESE559,"EMI in Power Electronics Converters: Generation, Propagation and Mitigation",Graduate,3.0,NONE,NONE,NONE,"This course is designed to cover the basic concepts of electro-magnetic-interference issues in power electronics converters. The course materials will cover basic concepts of EMI measurement, modeling and mitigation, with the focus on conducted EMI in power electronics converters. The course is structured with lectures and a lab session. This course is offered to both senior undergraduate and graduate students. Students cannot get credit for both undergraduate level and graduate level. Undergraduate and graduate students will take exams and quizzes at the same time but with different designed questions.",1,1,1,1
ESE561,Theory of Artificial Intelligence,Graduate,3.0,NONE,NONE,NONE,"Problem solving by searching, game trees, constraint satisfaction problems, uncertain knowledge and reasoning, probabilistic reasoning, probabilistic reasoning over time, Markov decision processes, partially observable Markov decision processes, reinforcement learning, generalized reinforcement learning.",1,1,1,1
ESE562,AI Driven Smart Grids,Graduate,3.0,NONE,NONE,NONE,"The course focuses on Artificial Intelligence (AI) applications to power system analysis, planning and operation. Topics include basics of AI and smart grid, data preprocessing, predictive analytics, AI driven static analytics, such as optimal dispatch, state estimation and security assessment, and AI-based dynamical analytics such as transient stability assessment, dynamic model discovery and emergency control. Emerging topics, including transfer learning, data-driven formal methods, learning-based cybersecurity and big data platform, are also discussed.
Prerequisite: An undergraduate course in power systems",1,1,1,1
ESE563,Fundamentals of Robotics I,Graduate,3.0,NONE,NONE,NONE,"This course covers homogenous transformations of coordinates; kinematic and dynamic equations of robots with their associated solutions; control and programming of robots.
Prerequisite: Permission of instructor
Fall,",1,1,1,1
ESE564,Artificial Intelligence for Robotics,Graduate,3.0,NONE,NONE,NONE,"Artifical Intelligence is intelligence demonstrated by machines , unlike the natural intelligence displayed by humans and animals. Research and AI focuses on the development and analysis of algorithms that learn and perform intelligent behavior with minimal human intervention. This course aims to introduce students some basic techniques and algorithms in AI including probabilistic inference, planning and search, localization, tracking and control, and their applications to robotics.",1,1,1,1
ESE565,Parallel Processing Architectures,Graduate,3.0,NONE,NONE,NONE,"This course provides a comprehensive introduction to parallel processing. Topics include types of parallelism, classification of parallel computers, functional organizations, interconnection networks, memory organizations, control methods, parallel programming, parallel algorithms, performance enhancement techniques and design examples for SIMD array processors, loosely coupled multiprocessors, and tightly coupled multiprocessors. A brief overview of dataflow and reduction machines will also be given.
Prerequisite: ESE 545 or equivalent
Spring,",1,1,1,1
ESE566,Hardware-Software Co-Design of Embedded Systems,Graduate,3.0,NONE,NONE,NONE,"This course will present state-of-the-art concepts and techniques for design of embedded systems consisting of hardware and software components. Discussed topics include system specification, architectures for embedded systems, performance modeling and evaluation, system synthesis and validation. The course is complemented by three mini-projects focused on designing and implementing various co-design methods.
Prerequisite: ESE 545, ESE 554 and ESE 333
Fall",1,1,1,1
ESE568,Computer and Robot Vision,Graduate,3.0,NONE,NONE,NONE,"Principles and applications of computer and robot vision are covered. Primary emphasis is on techniques and algorithms for 3D machine vision. The topics include image sensing of 3D scenes, a review of 2D techniques, image segmentation, stereo vision, optical flow, time-varying image analysis, shape from shading, texture, depth from defocus, matching, object recognition, shape representation, interpretation of line drawings, and representation and analysis of 3D range data. The course includes programming projects on industrial applications of robot vision.
Prerequisite: B.S. in Engineering or Physical or Mathematical Sciences",1,1,1,1
ESE569,Translational Bioinformatics,Graduate,3.0,NONE,NONE,NONE,"Advanced technologies have driven rapid increases in the quantities of biomedical data.  Translational bioinformatics develops the specified computational and analytic methods to transform these large-scale datasets into biomedical applicable information and knowledge.  It is one of major applications of machine learning and data mining.  This course introduces large-scale biomedical data resources and management, data processing and modeling, data mining and machine learning approaches in translational bioinformatics, and provides the hands-on projects for students to practice these approaches for real-world biomedical data.",1,1,1,1
ESE575,Advanced VLSI Signal Processing Architecture,Graduate,3.0,NONE,NONE,NONE,"This course is concerned with advanced aspects of VLSI architecture in digital signal processing and wireless communications. The first phase of the course covers the derivation of both data transformation and control sequencing from a behavioral description of an algorithm. The next phase reviews the general purpose and dedicated processor for signal processing algorithms. This course focuses on low-complexity high-performance algorithm development and evaluation, system architecture modeling, power-performance tradeoff analysis. The emphasis is on the development of application-specific VLSI architectures for current and future generation of wireless digital communication systems. An experimental/research project is required.
Prerequisite: ESE 355 or equivalent. ESE 305 or ESE 337 or equivalent. ESE 306 or ESE 340 or equivalent. ESE 380 or equivalent.",1,1,1,1
ESE576,Power System Dynamics,Graduate,3.0,NONE,NONE,NONE,"The course provides the background for understanding power system dynamics and numerical simulation techniques. Topics include the numerical integration for large-scale power networks, numerical oscillation and its solution, power system component modeling, frequency-dependent transmission network, nonlinear elements, network equivalents, power network stability, and microgrid stability & control. The area of real-time simulation for cyber-physical power infrastructures will also be discussed.",1,1,1,1
ESE577,Deep Learning Algorithms and Software,Graduate,3.0,NONE,NONE,NONE,"This course is an introduction to deep learning which uses neural networks to extract layered high-level representations of data in a way that maximizes performance on a given task. Deep learning is behind many recent advances in AI, including Siri's speech recognition, Facebook's tag suggestions and self-driving cars. Topics covered include basic neural networks, convolutional and recurrent network structures, deep unsupervised and reinforcement learning, and applications to problem domains like speech recognition and computer vision.

Classes will be a mix of short lectures and tutorials, hands-on problem solving, and project work in groups.",1,1,1,1
ESE578,Quantum-Engineered Power Grids,Graduate,3.0,NONE,NONE,NONE,"The course focuses on the applications of quantum information science (QIS) to power system analysis, operation and communication. Topics will cover basics of QIS and smart grid, quantum computing, quantum circuits, quantum-enabled power grid steady-state/transient/stochastic analysis, application of quantum optimization and quantum machine learning in power grids, quantum control, quantum security, quantum Internet. Emphasis of the course is the practical quantum algorithms in power system applications and hands-on experiments on IBM Quantum platform.",1,1,1,1
ESE579,Advances Topics in Translational Bioinformatics,Graduate,3.0,NONE,NONE,NONE,"This course introduces the current applications of machine learning and data mining techniques in biomedical data science, discusses the latest translational research areas and progresses, and provides the hands-on team projects for graduate students to explore, design and practice their ¿data-driven¿ solutions for the cutting-edge research topics in biomedical data science.",1,1,1,1
ESE581,Microprocessor-Based Systems Engineering II,Graduate,4.0,NONE,NONE,NONE,"This course is a study of methodologies and techniques for the engineering design of microprocessor-based systems. Emphasis is placed on the design of reliable industrial quality systems. Diagnostic features are  included in these designs. Steps in the design cycle are considered. Specifically, requirement definitions, systematic design implementation, testing, debugging, documentation, and maintenance are covered. Laboratory demonstrations of design techniques are included in this course. The students also obtain laboratory experience in the use of microprocessors, the development of systems, circuit emulation, and the use of signature and logic analyzers.
Spring,",1,1,1,1
ESE585,Nanoscale Integrated Circuit Design,Graduate,3.0,NONE,NONE,NONE,"This course describes high performance and low power integrated circuit (IC) design issues for advanced nanoscale technologies. After a brief review of VLSI design methodologies and current IC trends, fundamental challenges related to the conventional CMOS technologies are described. The shift from logic-centric to interconnect-centric design is emphasized. Primary aspects of an interconnect-centric design flow are described in four phases: (1) general characteristics of on-chip interconnects, (2) on-chip interconnects for data signals, (3) on-chip power generation and distribution, and (4) on-chip clock generation and distribution. Existing design challenges faced by IC industry are investigated for each phase. Tradeoffs among various design criteria such as speed-power-noise-area are highlighted. In the last phase of the course, several post-CMOS devices, emerging circuit styles, and architectures are briefly discussed. At the end of the course, the students will have a thorough understanding of the primary circuit and physical level design challenges with application to industrial IC design.
Prerequisites: ESE555 or ESE330 and ESE 355
Spring, 3 Credits, ABCF Grading",1,1,1,1
ESE586,Micro Grids,Graduate,3.0,NONE,NONE,NONE,"This course will discuss techniques useful for the grid modernization from a unique angle of microgrid design, analysis and operation. It will cover smart inverters, microgrid architectures, distributed energy resources modeling, microgrid hierarchical control, microgrid stability, fault management, resilient
microgrids through programmable network, reliable networked microgrids, and cyber security.",1,1,1,1
ESE587,Hardware Architectures for Deep Learning,Graduate,3.0,NONE,NONE,NONE,"This course focuses on the design and implementation of specialized digital hardware systems for executing deep learning algorithms.  The course is divided into three sections.  First, students will study field-programmable gate arrays (FPGAs) and related tools.  Second, the course will present an overview of modern deep learning algorithms and applications (e.g., visual object recognition, or speech recognition).  Third, students will apply this knowledge to complete a significant design project implementing and optimizing a deep learning algorithm on an FPGA.",1,1,1,1
ESE588,Fundamentals of Machine Learning,Graduate,3.0,NONE,NONE,NONE,"The fundamentals of machine learning are introduced including learning with parametric models, online learning: stochastic gradient descent family of methods; classification; logistic regression; the naïve Bayes classifier; the nearest neighbor rule; classification trees; boosting methods; sparsity aware learning: concepts and methods; learning in reproducing kernel Hilbert spaces; Bayesian learning; variational approximation, sparse Bayesian learning, relevance vector machines; neural networks and deep learning; the backpropagation algorithm; convolutional neural networks; recurrent neural networks; adversarial training; dimensionality reduction; PCA; ICA; nonlinear dimensionality reduction.

Prerequisite: Stochastic processes or permission by instructor
Spring, 3 credits, Letter graded (A, A-, B+, etc.)",1,1,1,1
ESE589,Learning Systems for Engineering Applications,Graduate,3.0,NONE,NONE,NONE,"The course presents the main methods used in automated (machine) learning for engineering applications.  The course discusses representation models for learning, extraction of frequent patterns, classification, clustering and application of these techniques for diverse engineering applications, such as Intranet-of-Things, electronic design automation, and healthcare.  The covered topics include an overview of learning systems, learning representations i.e. ontologies, regression models, stochastic models and symbolic models, data preparing techniques, different frequent pattern extraction methods, supervised and unsupervised classification, and basic and advanced clustering algorithms.  The course is organized as three modules, each module being centered on a specific theme.  Students will learn the characteristics of the enumerated topics, and devise and implement software programs for discussed techniques as part of their project work for the course.  Student projects will be assessed using standard benchmarks.",1,1,1,1
ESE590,Practical Machine Learning and Artificial Intelligence,Graduate,3.0,NONE,NONE,NONE,"The course provides a broad introduction to the state-of-the-art of machine learning methods through lectures and labs, where the lectured summarize the theoretical foundations of the methods.  Students work in teams and utilize modern tools to develop a specific application in areas like computer vision, biomedical engineering and social sciences.",1,1,1,1
ESE591,Industrial Project in OEMS Engineering,Graduate,3.0,NONE,NONE,NONE,"A student carries out a detailed design of an industrial project in OEMS engineering. A comprehensive technical report of the project and an oral presentation are required.
Fall,",1,1,1,1
ESE592,"Distributed Computation, Control and Learning Over Networks",Graduate,3.0,NONE,NONE,NONE,"Network Science is an interdisciplinary research area, which typically deals with large-scale complex networks. This course covers fundamental problems in distributed computation and control, including consensus and distributed averaging, distributed optimization, discusses the rendezvous problem and formation control, and explores recent development in distributed machine learning over networks.",1,1,1,1
ESE593,High Power RF Engineering,Graduate,1.00 - 3.00,NONE,NONE,NONE,"The course starts with an essential review of the properties of low and medium power RF waves and components including transmission lines, waveguides and cavities, and then proceeds to highlight the properties and limitations under high power RF conditions. The principal deleterious effects taking place at high power levels are caused by arcing (a high peak power effect) and the ohmic dissipation in the metal walls (a high average power effect). Exceeding the power handling capacity of the RF components can result in expensive repairs. Methods of mitigating or avoiding these expensive repairs are discussed. Important applications of high power rf are discussed in depth. Finally the students are given an extended project on implementing a particle accelerator using the traditional method of placing cylindrical cavities in tandem and using the longitudinal electric field in the TM010 cavity mode to pump RF power into a particle beam and cause the desired acceleration of the charge particles.",1,1,1,1
ESE597,Practicum in Engineering - Internship,Graduate,1.00 - 3.00,NONE,NONE,NONE,"This course is for part-time and full-time graduate students, relating to their current professional activity.  Participation is in private corporations, public agencies or non-profit institutions.  Students will be required to have a faculty advisor as well as a contact in the outside organization to participate with them in regular consultations on their project.  Students are required to submit a final written final report to both.
The maximum credits which can be accepted towards the M.S. degree is 3 credits.
Fall, Spring, Summer,",1,1,1,1
ESE599,Research Master's students,Graduate,1.00 - 12.00,NONE,NONE,NONE,"Fall and Spring,",1,1,1,1
ESE610,Seminar in Solid-State Electronics,Graduate,3.0,NONE,NONE,NONE,"Current research in solid-state devices and circuits and computer-aided network design.
Fall and Spring,",1,1,1,1
ESE670,Topics in Electrical Sciences,Graduate,3.0,NONE,NONE,NONE,"Varying topics selected from current research topics. This course is designed to give the necessary flexibility to students and faculty to introduce new material into the curriculum before it has attracted sufficient interest to be made part of the regular course material. Topics include biomedical engineering, circuit theory, controls, electronics circuits, digital systems and electronics, switching theory and sequential machines, digital signal processing, digital communications, computer architecture, networks, systems theory, solid-state electronics, integrated electronics, quantum electronics and lasers, communication theory, wave propagation, integrated optics, optical communications and information processing, instrumentation, and VLSI computer design and processing.
Fall and Spring,",1,1,1,1
ESE691,Seminar in Electrical Engineering,Graduate,1.0,NONE,NONE,NONE,"This course is designed to expose students to the broadest possible range of the current activities in electrical engineering. Speakers from both on and off campus discuss topics of current interest in electrical engineering.
Fall and Spring,",1,1,1,1
ESE697,Ph.D. Practicum in Teaching,Graduate,3.0,NONE,NONE,NONE,"The course provides hands-on experience in classroom teaching. Other activities may include preparation and supervison of laboratory experiments, exams, homework assignments and projects. Final report that summarizes the activities and provides a description of the gained experience and a list of recommendations is required.
Prerequisite: G5 status and Permission of Graduate Program Director",1,1,1,1
ESE698,Practicum in Teaching,Graduate,1.00 - 3.00,NONE,NONE,NONE,"This course enables graduate students to gain experience in teaching and interacting with students enrolled in an electrical and computer engineering course.  Students enrolled in ESE-698 are expected to perform various teaching duties required by the course instructor, such as attending lectures, providing office hours, holding review/recitation sessions, assisting in lab sections and grading, etc.
Fall, Spring, Summer,",1,1,1,1
ESE699,Dissertation Research on Campus,Graduate,1.00 - 9.00,NONE,NONE,NONE,"Prerequisite: Advancement to candidacy (G5). Major portion of research must take place on SBU campus, at Cold Spring Harbor, or at the Brookhaven National Lab.
Fall, Spring, and Summer,",1,1,1,1
ESE700,Dissertation Research off Campus - Domestic,Graduate,1.00 - 9.00,NONE,NONE,NONE,"Prerequisite: Must be advanced to candidacy (G5). Major portion of research will take place off-campus, but in the United States and/or U.S. provinces. Please note, Brookhaven National Labs and the Cold Spring Harbor Lab are considered on-campus.
All international students must enroll in one of the graduate student insurance plans and should be advised by an International Advisor.
Fall, Spring, Summer",1,1,1,1
ESE701,Dissertation Research off Campus - International,Graduate,1.00 - 9.00,NONE,NONE,NONE,"Prerequisite: Must be advanced to candidacy (G5). Major portion of research will take place outside of the United States and/or U.S. provinces.
Domestic students have the option of the health plan and may also enroll in MEDEX.
International students who are in their home country are not covered by mandatory health plan and must contact the Insurance Office for the insurance charge to be removed.
International students who are not in their home country are charged for the mandatory health insurance. If they are to be covered by another insurance plan they must file a waiver be second week of classes. The charge will only be removed if other plan is deemed comparable.
All international students must received clearance from an International Advisor.
Fall, Spring, Summer",1,1,1,1
ESE800,FULL TIME SUMMER RESEARCH,Graduate,0.0,NONE,NONE,NONE,,1,1,1,1
