CourseNumber,CourseTitle,Career,Credits,Prerequisites,Antirequisites,Corequisites,Description,spring,fall
PHY112,"Light, Color, and Vision",Undergraduate,3.0,NONE,NONE,NONE,"An introduction to the modern understanding of light, color, and vision, primarily for non-science majors and especially beneficial to students  majoring in visual arts or theatre.  Topics include the nature of light; the human eye and vision; illusions, color perception, and color theory; optical instruments; the camera and photography; optical phenomena in the atmosphere (mirages, rainbows, halos); and light in modern physics (relativity, lasers). Not for major credit. Not for credit in addition to PHY 122, PHY 126, PHY 132 or PHY 142. Students majoring or planning to major in PHY, AST, CHE, MAT, AMS or engineering may not take this course.",1,1
PHY113,Physics of Sports,Undergraduate,3.0,NONE,NONE,NONE,"First part of an introduction to physics from the perspective of sports, especially designed for non-science majors. Basic concepts in classical mechanics and fluid dynamics are used to analyze particular actions in football, baseball, soccer, track and field, and other sports. Students learn, for example, about the knuckle ball in baseball and why it is so hard to hit, and why quarterbacks throw a football in a spiral. The concepts of heat, energy, and calories are also discussed. The laboratory component, PHY 115, may be taken concurrently with or after PHY 113. Not for credit in addition to PHY 121, PHY 125, PHY 131 or PHY 141. Students majoring or planning to major in PHY, AST, CHE, MAT, AMS or engineering may not take this course.",1,1
PHY115,Physics of Sports Laboratory,Undergraduate,1.0,NONE,NONE,[['PHY113']],"Laboratory component of PHY 113. Experiments are designed to help students better understand the physics aspects of sports. Students work in groups and conduct experiments indoors and outdoors. Knowledge of first-year college-level mathematics is recommended, but most necessary information is taught in class as needed. May be taken concurrently with or after PHY 113. This course has an associated fee. Please see www.stonybrook.edu/coursefees for more information.",1,1
PHY119,Physics for Environmental Studies,Undergraduate,4.0,"[['MAT123'], ['CHE131']]",NONE,NONE,"The principles of physics as they apply to environmental issues. A review of mathematics is followed by a discussion of Newton's laws, conservation principles, topics in fluids and wave motion, optical instruments, and radioactivity. Three lectures and one laboratory session per week. This course is offered as both ENS 119 and PHY 119. This course has an associated fee. Please see www.stonybrook.edu/coursefees for more information.",1,1
PHY121,Physics for the Life Sciences I,Undergraduate,4.0,"[['MAT125', 'MAT131', 'MAT141', 'AMS151']]",NONE,NONE,"First part of an introduction to physics with applications to biology, primarily for students majoring in biological sciences or pre-clinical programs. Topics include mechanics, fluid mechanics, and thermodynamics. Strong algebra skills and knowledge of the ideas of calculus are required. Three lecture hours and two laboratory hours per week. PHY 121 may not be taken for credit in addition to PHY 125, 131, or 141. This course has been designated as a High Demand/Controlled Access (HD/CA) course. Students registering for HD/CA courses for the first time will have priority to do so. This course has an associated fee. Please see www.stonybrook.edu/coursefees for more information.",1,1
PHY122,Physics for the Life Sciences II,Undergraduate,4.0,[['PHY121']],NONE,"[['CHE132', 'CHE152']]","Second part of an introduction to physics with applications to biology, primarily for students majoring in biological sciences or pre-clinical programs. Topics include electromagnetism, optics, acoustics, and radiation phenomena. Strong algebra skills and knowledge of the ideas of calculus are required. Three lecture hours and two laboratory hours per week. PHY 122 may not be taken for credit in addition to PHY 127, 132, or 142. This course has been designated as a High Demand/Controlled Access (HD/CA) course. Students registering for HD/CA courses for the first time will have priority to do so. This course has an associated fee. Please see www.stonybrook.edu/coursefees for more information.",1,1
PHY125,Classical Physics A,Undergraduate,3.0,[['MAT123']],NONE,"[['MAT125', 'MAT131', 'MAT141', 'AMS151']]","First of a three-part sequence intended for physical-sciences or engineering majors. It focuses on the mechanics of point particles and simple oscillators, and emphasizes motion in one and two dimensions and the concepts
of momentum and energy. Calculus is used concurrently with its development in MAT 125. Three lecture hours and one recitation hour per week. Not for credit in addition to PHY 121, PHY 131, or PHY 141. This course has been designated as a High Demand/Controlled Access (HD/CA) course. Students registering for HD/CA courses for the first time will have priority to do so.",1,1
PHY126,Classical Physics B,Undergraduate,3.0,[['PHY125']],NONE,"[['MAT126', 'AMS161']]","Second or third of a three-part sequence for physical-sciences or engineering majors. It focuses on the mechanics of rigid bodies, on fluids, waves, thermodynamics, and optics. Three lecture hours and one recitation hour per week.  Associated Labs (PHY 133 or PHY 134) are offered separately. Not for credit in addition to PHY 132, or PHY 142. This course has been designated as a High Demand/Controlled Access (HD/CA) course. Students registering for HD/CA courses for the first time will have priority to do so.",1,1
PHY127,Classical Physics C,Undergraduate,3.0,[['PHY125']],NONE,"[['MAT126', 'AMS161']]","Second or third of a three-part sequence for physical-sciences or engineering majors. It focuses on electromagnetism using the concepts of vector fields and scalar potentials, and on DC and AC electric circuits. Calculus is used concurrently with its development in MAT 126. Three lecture hours and one recitation hour per week. Associated Labs (PHY 133 or PHY 134) are offered separately. Not for credit in addition to PHY 122, PHY 132, or PHY 142. This course has been designated as a High Demand/Controlled Access (HD/CA) course. Students registering for HD/CA courses for the first time will have priority to do so.",1,1
PHY131,Classical Physics I,Undergraduate,3.0,[['MAT123']],NONE,"[['MAT125', 'MAT131', 'MAT141', 'AMS151']]","First part of a two-semester physics sequence for physical-sciences or engineering majors who have a strong mathematics background and are ready for a fast learning pace. It covers mechanics, wave motion, kinetic theory, and thermodynamics. Calculus is used concurrently with its development in MAT 131. Three lecture hours and one recitation hour per week. The Laboratory component, PHY 133 (Lab 1), could be taken concurrently. Not for credit in addition to PHY 121, PHY 125, or PHY 141. Advanced Placement Physics or a very strong course in high school Physics is recommended. This course has been designated as a High Demand/Controlled Access (HD/CA) course. Students registering for HD/CA courses for the first time will have priority to do so.",1,1
PHY132,Classical Physics II,Undergraduate,3.0,"[['PHY131', 'PHY141']]",NONE,"[['MAT132', 'MAT142', 'MAT126', 'MAT171', 'AMS161']]","Second part of a two-semester physics sequence for physical-sciences or engineering majors who have a strong mathematics background and are ready for a fast learning pace. It covers electromagnetism, electric circuit theory, and optics. Calculus is used concurrently with its development in MAT 132. Three lecture hours and one recitation hour per week. The Laboratory component, PHY 134, may be taken concurrently. Not for credit in addition to PHY 122, PHY 127, or PHY 142. This course has been designated as a High Demand/Controlled Access (HD/CA) course. Students registering for HD/CA courses for the first time will have priority to do so.",1,1
PHY133,Classical Physics Laboratory I,Undergraduate,1.0,NONE,NONE,"[['PHY125'], ['PHY126'], ['PHY131', 'PHY141']]",Two and one half hours of laboratory per week that corresponds to the content of PHY 131 or PHY 125+PHY 126. This course has been designated as a High Demand/Controlled Access (HD/CA) course. Students registering for HD/CA courses for the first time will have priority to do so. This course has an associated fee. Please see www.stonybrook.edu/coursefees for more information.,1,1
PHY134,Classical Physics Laboratory II,Undergraduate,1.0,[['PHY133']],NONE,"[['PHY126'], ['PHY127'], ['PHY132'], ['PHY142']]",Two and one half hours of laboratory per week that corresponds to the content of PHY 132 or PHY 126+127. This course has been designated as a High Demand/Controlled Access (HD/CA) course. Students registering for HD/CA courses for the first time will have priority to do so. This course has an associated fee. Please see www.stonybrook.edu/coursefees for more information.,1,1
PHY141,Classical Physics I: Honors,Undergraduate,3.0,NONE,NONE,"[['MAT131', 'AMS151'], ['PHY133']]","First part of a demanding two-semester sequence for students with the strongest background, interests, and abilities in science and mathematics. The topics covered in PHY 141 are similar to those in PHY 131 but are treated in more depth in a small-class setting. Students may transfer to PHY 131 at any time during the first half of each semester without penalty. Three lecture hours and  one recitation hour per week. PHY 141 may not be taken for credit in addition to PHY 121, PHY 125, or PHY 131. Advanced Placement Physics or a very strong course in high school Physics is recommended. This course has an associated fee.  Please see www.stonybrook.edu/coursefees for more information.",1,1
PHY142,Classical Physics II: Honors,Undergraduate,3.0,[['PHY141']],NONE,"[['MAT132', 'AMS161'], ['PHY134']]","Second part of a demanding two-semester sequence for students with the strongest background, interests and abilities in science and mathematics. The topics covered in PHY 142 are similar to those in PHY 132, but are treated in more depth in a small-class setting. Students may transfer to PHY 132 at any time during the first half of each semester without penalty. Three lecture hours and one recitation hour per week. PHY 142 may not be taken for credit in addition to PHY 122, PHY 127, or PHY 132. This course has an associated fee.  Please see www.stonybrook.edu/coursefees for more information.",1,1
PHY153,Data Analysis for Physics and Astronomy with Python,Undergraduate,3.0,"[['PHY133'], ['MAT125', 'MAT131', 'MAT141', 'AMS151', 'MAT171']]",NONE,NONE,"An introduction to statistical data analysis with modern techniques, including the Python programming language on Windows computers for students with no prior experience in programming. Topics include concepts and methods to characterize experimental data such as averages, variances, standard deviations, propagation of uncertainties, probability distributions, confidence intervals, hypothesis testing, chi-squared minimization, and straight line fitting.  Emphasis on practical data centric applications--preparation for experimental laboratory work and research.  Extensive use of computers outside the classroom will be required.",1,1
PHY191,Transitional Study,Undergraduate,1.0,NONE,NONE,NONE,Laboratory for transfer students to supplement courses taken at another institution. Students take the laboratory portion of a 100-level course for which they have taken the theoretical portion elsewhere.,1,1
PHY192,Transitional Study,Undergraduate,1.0,NONE,NONE,NONE,Laboratory for transfer students to supplement courses taken at another institution. Students take the laboratory portion of a 100-level course for which they have taken the theoretical portion elsewhere.,1,1
PHY231,Physics for Future Presidents,Undergraduate,3.0,NONE,NONE,NONE,"A study of key physics ideas that a newly-inaugurated President of the country, or a newly-hired President of a company, needs to know. This course equips the future President with enough knowledge of the physics behind a pressing issue to make an intelligent decision even in the face of conflicting advice about issues including energy,  national security, and space exploration. Politics is the art of balancing competing demands, and business involves profitably serving  customers, so the economics of many technologies will also be discussed.",1,1
PHY237,World Climate and Atmosphere,Undergraduate,3.0,NONE,NONE,NONE,"An exploration of current concerns about the greenhouse effect, acid rain, and global ozone loss, in a format accessible to non-science majors. The social and political steps being taken to limit global atmospheric pollution and climate change are discussed. Not for major credit. This course is offered as both ATM 237 and PHY 237.",1,1
PHY251,Modern Physics,Undergraduate,3.0,"[['PHY122', 'PHY126'], ['PHY132', 'PHY142'], ['PHY134'], ['MAT126', 'AMS161']]",NONE,"[['MAT203', 'MAT205', 'AMS261', 'MAT307']]","A survey of the major physics theories of the 20th century (relativity and quantum mechanics) and their impact on most areas of physics. It introduces the special theory of relativity, the concepts of quantum and wave-particle duality, Schroedinger's wave equation, and other fundamentals of quantum theory as they apply to nuclei, atoms, molecules, and solids. It is recommended that students take the laboratory component, PHY 252, concurrently. Three hours lecture and one hour recitation per week.",1,1
PHY252,Modern Physics Laboratory,Undergraduate,1.0,NONE,NONE,[['PHY251']],"Students perform some of the pivotal experiments of the 20th century. It is recommended that students take the lecture component, PHY 251, concurrently. Two hours of laboratory per week. This course has an associated fee. Please see www.stonybrook.edu/coursefees for more information.",1,1
PHY277,Computation for Physics and Astronomy,Undergraduate,3.0,"[['PHY125', 'PHY126', 'PHY127'], ['PHY133', 'PHY134'], ['PHY131', 'PHY132'], ['PHY141', 'PHY142'], ['AMS151', 'MAT126', 'MAT131', 'MAT141', 'AMS161', 'MAT127', 'MAT132', 'MAT142', 'MAT171']]",NONE,NONE,An introduction to computing on UNIX/Linux computers. Fundamentals of using UNIX/Linux to write computer programs for numerical algorithms to solve computational physics and astronomy problems. Assignments are carried out in a high-level compiled programming language such as modern Fortran or C++ and require extensive use of SINC site computers outside the classroom.,1,1
PHY287,Introduction to Research,Undergraduate,0.00 - 3.00,NONE,NONE,NONE,"An opportunity for students, while still early in their studies, to do research commensurate with their level of preparation. Students work alongside faculty, post-doctoral fellows, and graduate students on ongoing research projects. Students must take the initiative to negotiate the opportunity. BNL and other scientists may be allowed as co-supervisors. May be repeated up to a total of 3 credits.",1,1
PHY291,Transitional Study,Undergraduate,1.0,NONE,NONE,NONE,A laboratory for transfer students to supplement a course taken at another institution. Students take the laboratory portion of a 200-level course for which they have taken the theoretical portion elsewhere.,1,1
PHY300,Waves and Optics,Undergraduate,4.0,"[['PHY132', 'PHY134', 'PHY142', 'PHY134', 'PHY126', 'PHY127', 'PHY134']]",NONE,"[['MAT203', 'MAT205', 'AMS261', 'MAT307']]","The physics of oscillations and waves, from mechanical waves to light waves to electron waves. Topics include resonance and normal modes of coupled oscillators, the wave equation and wave propagation, interference and diffraction, polarization and imaging, coherence, and lasers. Three lecture hours and one two-hour laboratory per week. This course has an associated fee. Please see www.stonybrook.edu/coursefees for more information.",1,1
PHY301,Electromagnetic Theory I,Undergraduate,3.0,"[['PHY251'], ['PHY277'], ['MAT203', 'MAT205', 'AMS261', 'MAT307']]",NONE,[['MAT341']],The application of Maxwell's equations to solve time-independent boundary-value problems and to study the interactions of electric and magnetic fields with bulk matter.,1,1
PHY302,Electromagnetic Theory II,Undergraduate,3.0,[['PHY301']],NONE,NONE,A study of time-dependent electric and magnetic fields as derived from Maxwell's equations. Topics include the interrelations of electric and magnetic fields and their potentials; energy and momentum associated with electromagnetic fields and the Maxwell vacuum and matter; waveguides and transmission lines; special relativity for electromagnetism; retarded potentials for time-varying sources; and radiation of electromagnetic waves.,1,1
PHY303,Mechanics,Undergraduate,3.0,"[['PHY251'], ['PHY277'], ['MAT303', 'MAT305', 'AMS361', 'MAT308']]",NONE,NONE,"An in-depth study of classical mechanics, from the Newtonian to the Lagrangian and Hamiltonian formulations. First, Newtonian mechanics is reviewed and applied to more advanced problems than those considered in PHY 131 or 141. The Lagrangian and Hamiltonian methods are then derived from the Newtonian treatment and applied to various problems.",1,1
PHY306,"Thermodynamics, Kinetic Theory, and Statistical Mechanics",Undergraduate,3.0,[['PHY251']],NONE,NONE,"A study of the laws that govern physical systems in thermal equilibrium. In the first part, the concepts of temperature, internal energy, and entropy are analyzed and the first and second laws of thermodynamics are used to connect various properties that are independent of the microscopic details of the system. The second part is devoted to a microscopic study of a system in thermal equilibrium, from the kinetic theory of gases to statistical mechanics and the relation between entropy and probability, with application to simple examples in classical and quantum statistics.",1,1
PHY307,Physical and Mathematical Foundations of Quantum Mechanics,Undergraduate,4.0,"[['PHY122', 'PHY126'], ['PHY127'], ['PHY134', 'PHY132'], ['PHY134', 'PHY142'], ['PHY134'], ['MAT132', 'MAT142', 'MAT127', 'MAT171', 'AMS161']]",NONE,"[['MAT203', 'MAT205', 'AMS261', 'MAT307']]","Physical and mathematical foundations of quantum mechanics. Maxwell waves and their properties: intensity, energy density, and momentum density. Planck-Einstein relation between energy and frequency for light quanta. De Broglie relation between momentum and wavelength. Number density and probability density of photons. One-photon quantum mechanics, with Maxwell field as the wave function. Diffraction phenomena. Uncertainty relation between wavelength and position, hence between momentum and position. Not for credit in addition to PHY 390 with similar topic.  Not for credit in addition to PHY 274.",1,1
PHY308,Quantum Physics,Undergraduate,3.0,[['PHY300']],NONE,NONE,"The concepts, historical development, and mathematical methods of quantum mechanics. Topics include Schroedinger's equation in time-dependent and time-independent forms; one- and three-dimensional solutions, including the treatment of angular momentum and spin. Applications to simple systems, especially the hydrogen atom, are stressed.",1,1
PHY311,Connections in Science,Undergraduate,1.0,"[['PHY122', 'PHY126'], ['PHY127'], ['PHY134', 'PHY132', 'PHY142']]",NONE,NONE,"A selection of the interrelations between physics and other scientific and technological fields, using modern examples from engineering, medicine, and applied mathematics, among others. The course is taught as a seminar and includes guest lecturers, tours of laboratories, and discussion of classic and current research projects. Appropriate for physics and non-physics majors alike.",1,1
PHY313,Mystery of Matter,Undergraduate,3.0,NONE,NONE,NONE,"Exploration of our understanding of the basic constituents of matter, and of how that understanding and the tools developed to study them affect aspects of contemporary society. Historical discoveries and their place in social and political institutions of the time are considered, along with issues of government funding and the cost to society. Includes a discussion of developments at Brookhaven National Laboratory and their scientific and social impact. Not intended for Physics majors with U3 or U4 status.",1,1
PHY335,Electronics and Instrumentation Laboratory,Undergraduate,3.0,"[['PHY251'], ['WRT102']]",NONE,NONE,"Students will design, build and test basic DC and AC circuits which perform a useful function, as viewed by physicists, involving resistors, capacitors, transformers, diodes, transistors and operational amplifiers. Students will measure these circuits using digital multi-meters and digital oscilloscopes. Understanding of analog circuits will be stressed including negative feedback applied to operational amplifiers. Two three-hour laboratories per week. This course has an associated fee. Please see www.stonybrook.edu/coursefees for more information.",1,1
PHY382,"The Quantum Moment: Quantum Mechanics in Philosophy, Culture, and Life (III)",Undergraduate,3.0,NONE,NONE,NONE,"This course explores the implications and influence, real and alleged, of quantum mechanics on fields other than physics.  What does quantum mechanics mean, if anything, for philosophy, ethics, and social behavior?  At the same time, we shall look into how social and cultural influences may have affected the way that quantum mechanics was formulated, and how it has evolved.   We shall review the early history of quantum mechanics, and discuss some of the important debates at the founding of quantum mechanics.   Students will not be expected to learn the mathematics in depth, only the introduction provided by the instructors aimed at non-science students.  Besides readings, the course will also involve plays, films, and guest speakers.  Students will be expected to work on a final project, to be presented in class.  This course is offered as both PHI 382 and PHY 382.",1,1
PHY390,Special Topics in Physics,Undergraduate,3.0,NONE,NONE,NONE,May be repeated once as the topic changes.,1,1
PHY405,Advanced Quantum Physics,Undergraduate,3.0,"[['PHY303'], ['PHY308'], ['MAT341']]",NONE,NONE,"Study of quantitative methods of quantum mechanics, including perturbation theory and the WKB approximation, scattering theory, and elements of quantum-information theory. Symmetry principles are stressed and advanced mathematical techniques are used throughout the course.",1,1
PHY408,Relativity,Undergraduate,3.0,[['PHY303']],NONE,[['PHY302']],A development of the special theory of relativity leading to general relativity with applications to cosmology.,1,1
PHY420,Introduction to Accelerator Science and Technology,Undergraduate,3.0,"[['PHY277', 'PHY300', 'PHY301', 'PHY302'], ['PHY303']]",NONE,[['PHY335']],"This course will introduce students to the field of accelerator science and technology, a very versatile branch of physics and technology. This course is composed of the following parts: introduction of accelerator history and their basic principles, basic beam dynamics in synchrotrons, introduction of challenges in Accelerator physics, and introduction of typical beam measurements and instrumentations.",1,1
PHY431,Nuclear and Particle Physics,Undergraduate,3.0,[['PHY308']],NONE,NONE,"Students will study a selection of topics from the properties of elementary particles, the strong, weak, and electromagnetic forces, symmetries, particle interaction and decay rates, nuclear structure, nuclear reactions, nuclear forces, the interaction of radiation with matter, accelerators and radiation detectors.",1,1
PHY444,Experiential Learning,Undergraduate,0.0,[['WRT102']],NONE,NONE,"This course is designed for students who engage in a substantial, structured experiential learning activity in conjunction with another class. Experiential learning occurs when knowledge acquired through formal learning and past experience are applied to a ""real-world"" setting or problem to create new knowledge through a process of reflection, critical analysis, feedback and synthesis. Beyond-the-classroom experiences that support experiential learning may include: service learning, mentored research, field work, or an internship.",1,1
PHY445,Senior Laboratory,Undergraduate,3.0,"[['PHY308', 'PHY335'], ['WRT102']]",NONE,NONE,"A selection of historically important experiments from atomic and nuclear spectroscopy, particle physics, solid-state and low-temperature physics  performed with modern instrumentation. Each student does three experiments, usually with a partner. As students progress, they are encouraged to pursue independent projects, without rigid formats or procedures. The emphasis is on the development of experimental skills and on individual, ethical, professionally acceptable analysis and presentation of results, both orally and in writing. Two three-hour laboratory sessions per week. This course has an associated fee. Please see www.stonybrook.edu/coursefees for more information.",1,1
PHY447,Tutorial in Advanced Topics,Undergraduate,1.00 - 6.00,NONE,NONE,NONE,"Selected readings in advanced topics for upper-division students of unusual ability and substantial accomplishments. Prior to the beginning of the semester, the topic to be studied is selected by the supervising member of the faculty and a reading assignment is planned. Weekly conferences with this faculty member are devoted to discussion of material, resolution of problems encountered, and assessment of the student's progress. May be repeated up to a total of 6 credits.",1,1
PHY451,Quantum Electronics,Undergraduate,3.0,NONE,NONE,[['PHY405']],"Introduction to modern atomic physics for the laser era. Emphasis on the interaction between atoms and light, as well as on atomic structure and how it affects this interaction. Modern applications such as laser cooling, atom trapping, precision spectroscopy with frequency comb, quantum information, and others will be discussed.",1,1
PHY452,Atomic Physics and Lasers,Undergraduate,3.0,"[['PHY300'], ['PHY308']]",NONE,NONE,"This course begins with an in-depth introduction to modern atomic physics for the laser era.  Emphasis is on the fundamentals of light-matter interactions as well as on atomic structure and how it affects the interaction. The main topics include laser fundamentals, atom trapping, precision spectroscopy with frequency comb, quantum information and others.",1,1
PHY458,Speak Effectively Before an Audience,Undergraduate,0.0,NONE,NONE,[['WRT102']],A zero credit course that may be taken in conjunction with any PHY course that provides opportunity to achieve the learning outcomes of the Stony Brook Curriculum's SPK learning objective.,1,1
PHY459,Write Effectively in Physics,Undergraduate,0.0,[['WRT102']],NONE,NONE,"A zero credit course that may be taken in conjunction with any 300- or 400-level PHY course, with permission of the instructor. The course provides opportunity to practice the skills and techniques of effective academic writing and satisfies the learning outcomes of the Stony Brook Curriculum's WRTD learning objective.",1,1
PHY472,Solid-State Physics,Undergraduate,3.0,[['PHY306']],NONE,NONE,"A study of the different types of solids, with emphasis on their thermal, electrical, and optical properties. It introduces the concepts of phonons and electronic bands, and applications to metals, semiconductors, superconductors, and magnetism.",1,1
PHY475,Undergraduate Teaching Practicum,Undergraduate,0.00 - 3.00,NONE,NONE,NONE,"An opportunity for selected undergraduates to collaborate with the faculty in teaching at the introductory level. In addition to working as tutors and as laboratory assistants, students meet once a week with a faculty supervisor to discuss problems they have encountered and to plan future activities. Students are generally assigned to assist in courses they have completed and in which they have excelled. Not for major credit. Can be repeated up to a maximum of 6 credits with a maximum of 3 credits per course taught.",1,1
PHY487,Research,Undergraduate,0.00 - 6.00,NONE,NONE,NONE,"An opportunity for students to conduct faculty-supervised research for academic credit. Students must take the initiative to negotiate the opportunity. BNL and other scientists may be allowed as co-supervisors. Research proposals must be prepared by the student and submitted for approval by the supervising faculty before the beginning of the credit period. An account of the work and the results achieved is submitted to the supervisor before the end of the credit period. May be repeated, up to a total of 6 credits.",1,1
PHY501,Classical Mechanics,Graduate,3.0,NONE,NONE,NONE,"Analytical classical mechanics including Lagrangian and Hamiltonian formulations and the Hamilton-Jacobi theory. Variational principles, symmetries and conservation laws. Selected advanced problems such as parametric and nonlinear oscillations, planetary motion, classical theory of scattering, rigid body rotation, and deterministic chaos. Basic notions of elasticity theory and fluid dynamics.",1,1
PHY503,Methods of Mathematical Physics I,Graduate,3.0,NONE,NONE,NONE,"A selection of mathematical techniques useful for physicists. Topics are selected from: linear algebra, complex variables, differential equations, asymptotic analysis, special functions, boundary value problems, integral transforms, perturbation theory as applied to linear and nonlinear systems. This course should be taken by entering graduate students seeking enrichment in these areas.
Fall and Spring,",1,1
PHY504,Computational Methods in Physics and Astrophysics,Graduate,3.0,NONE,NONE,NONE,"An introduction to procedural and object-oriented programming in a high-level language such as C++ or modern Fortran with examples and assignments consisting of rudimentary algorithms for problems in physics and astronomy. Students will use the UNIX/Linux operating system to write programs and manage data, and the course will include an introduction to parallel computing and good programming practices such as version control and verification. The course will prepare students for courses in algorithms and methods that assume a knowledge of programming.

Fall or Spring, 3 Credits, letter Graded (A, A-, B+, etc.)",1,1
PHY505,Classical Electrodynamics,Graduate,3.0,NONE,NONE,NONE,"Electrostatics and Magnetostatics in vacuum and medium; Green's functions;  Maxwell's equations and gauge invariance; Electromagnetic wave propagation; Radiation, scattering, interference, and diffraction; Special relativity;  Radiation by relativistic charges; Additional topics as time permits. Three lecture hours plus two recitation hours per week.
Fall, 3 Credits, Graded A, A-, B+, etc.,  Prerequisites: PHY 301-302 or similar",1,1
PHY510,Introduction to Nonlinear Dynamics,Graduate,3.0,NONE,NONE,NONE,"This course concentrates on developing the tools used to analyze models of dynamical systems associated with physical phenomena, such as coupled electrical mechanical, chemical and biological oscillators, amplitude equations, symplectic maps, etc. There is a discussion of the basic theorems, as well as methods used to derive perturbation solutions for differential equations and maps using the method of normal forms.
Fall or Spring,",1,1
PHY511,Quantum Mechanics I,Graduate,3.0,NONE,NONE,NONE,"First course in a two-part sequence.  Topics include basic quantum physics and mathematical apparatus; application to one dimensional examples and simple systems.  Symmetries, angular momentum, and spin.  Additional topics as time permits.
Fall,",1,1
PHY512,Quantum Mechanics II,Graduate,3.0,NONE,NONE,NONE,"Second course in a two-part sequence, covering variational principles, perturbation theory, relativistic quantum mechanics, quantization of the radiation field, many-body systems.  Application to atoms, solids, nuclei and elementary particles, as time permits.
Spring,",1,1
PHY514,Current Research Instruments,Graduate,3.0,NONE,NONE,NONE,"In a series of distinct units, various members of the experimental research faculty describe the nature of their work, explain the major principles of their laboratory instruments, discuss how these instrument systems function, and conduct tours of their laboratories showing the apparatus in action. The student becomes familiar with most of the experimental research instrumentation in the department.
Fall or Spring,",1,1
PHY515,Methods of Experimental Research I,Graduate,3.0,NONE,NONE,NONE,"An experimental course required for all graduate students. The goal of the course is to provide firsthand experience with the nature of experimental work. For students oriented toward theory, the course gives a background for reading and evaluating experimental papers. The course is based on classic measurements in nuclear, particle, atomic, condensed matter physics, and astronomy. Students can gain experience in handling cryogenic liquids, vacuum systems, lasers, pulse counting and coincidence methods, resonance measurements, and electronic instrumentation, such as lock-in amplifiers, particle detectors, coincidence counters, computer control, etc. Numerical analysis of data, presentation of results in written, graphic, and oral form, and meaningful comparison of experiments and theory are part of the course. Working alone or with, at most, one partner, each student must do one experiment from each of four different groups.",1,1
PHY517,Laboratory Course in Astronomical Techniques,Graduate,3.0,NONE,NONE,NONE,"A course designed to introduce the theory, design, and operation of modern astronomical instrumentation and to familiarize the student with the use of telescopes. Current astronomical techniques will be discussed with emphasis on methods of observational measurements and reduction of data. Emphasis is given on optical techniques appropriate for wavelengths shorter than one micron. Extensive laboratory and observing exercises may be expected.
Spring, alternate years,",1,1
PHY518,Applications of Synchroton Radiation,Graduate,1.00 - 3.00,NONE,NONE,NONE,"An introduction to the principles of synchrotron radiation is followed by a series of lectures given by graduate faculty and guest lecturers with expertise in using synchrotron radiation for research in physics, chemistry, materials science, biology and medicine.  Most of these presentations are followed by hands-on experience with synchrotron instrumentation at Brookhaven National Laboratory.  Access to user facilities, including safety requirements, preparation of user proposals, user training and other issues, and also covered.
Spring, S/U grading, 0-3 credits",1,1
PHY521,Stars,Graduate,3.0,NONE,NONE,NONE,"A study of the atmospheres, interiors, and evolution of stars. The contact between theory and observations is emphasized. Stellar atmospheres in hydrostatic and radiative equilibrium described. Models for the calculation of stellar spectra are discussed.  Stellar winds are studied. Next, theoretical studies of stellar interiors and evolution, including equations of state, energy transport, and nuclear energy generation, are developed. Structures of main sequence, red giant, pre-main sequence, and white dwarves are studied and compared to observations. The evolution of single stars up to supernovae and the peculiar evolution of close binary systems are also studied.
Fall, alternate years, 0-3 Credits,",1,1
PHY522,Interstellar Medium,Graduate,3.0,NONE,NONE,NONE,"A study of the interstellar medium with emphasis on physical processes. Topics include kinetic theory, equation of transfer, spectral lines, non-thermal emission, ionization effects of dust, and formation and spectroscopy of molecular clouds. The components of the interstellar medium and the interactions between them are discussed in detail, as well as the process of star formation.
Spring, alternate years,",1,1
PHY523,Galaxies,Graduate,3.0,NONE,NONE,NONE,"A basic course on the observational and theoretical aspects of the content, morphology, kinematics, and dynamics of galaxies. Topics include the size, shape, and location of the sun in the Milky Way; stellar populations; the disk and spheroidal components; galactic rotation; distance determination in the Milky Way and to external galaxies; galaxy classification and the Hubble Law. Theoretical topics center on stellar dynamics, including potential theory; stellar orbits; and spiral structure. The course also includes a brief introduction to cosmology.
Fall, alternate years,",1,1
PHY524,Cosmology,Graduate,3.0,NONE,NONE,NONE,"A basic course on cosmology: Hubble expansion, Friedmann universes, age of the universe, microwave background radiation, big-bang nucleosynthesis, inflation, growth  of gravitational instabilities and galaxy formation, correlation functions, local density and velocity perturbations, and dark matter.
Prerequisite: PHY 523 or permission of instructor
Spring, alternate years,",1,1
PHY529,Quantum Electronics,Graduate,1.00 - 3.00,NONE,NONE,NONE,"Introduction to modern atomic physics for the laser era for graduate students. Emphasis on the interaction between atoms and light, as well as on atomic structure and how it affects this interaction. Modern applications such as laser cooling, atom trapping, precision spectroscopy with frequency comb, quantum information, and others will be discussed. Not for satisfying physics Ph.D. breadth course requirements.
Spring every year, 1-3 credits, ABCF grading",1,1
PHY534,Radio Astronomy,Graduate,1.00 - 3.00,NONE,NONE,NONE,"Topics covered include continuum and spectral-line radio astronomy. Within the Milky Way Galaxy topics include the interstellar medium, the physics and kinematics of molecular clouds, star formation in giant molecular clouds, chemistry of molecular clouds, galactic structure, spiral structure, and pulsars. Extragalactic topics include radio galaxies and jets, radio loud quasars, molecular and atomic gas in galaxies, luminous infrared galaxies, the missing mass problem in spiral galaxies, and cosmic microwave background radiation. Radio astronomy measurement techniques for single telescopes and aperture synthesis techniques are also covered, although the emphasis is on scientific results.
Fall or Spring, alternate years,",1,1
PHY536,The Physics of Free Electron Lasers,Graduate,1.00 - 2.00,NONE,NONE,NONE,"The purpose of this course is to introduce the students to the physics of Free Electron Lasers and Synchrotron Radiation. This course is suitable for graduate students who want to learn more about Free Electron Lasers and Synchrotron Radiation physics.
Offered: Summer,",1,1
PHY540,Statistical Mechanics,Graduate,3.0,NONE,NONE,NONE,"Brief review of thermodynamics, principles of physical statistics, systems of non-interacting particles: Boltzmann, Fermi-Dirac, and Bose-Einstein statistics. Applications to ideal gases, electrons and phonons in solids, and black body radiation. Approximate treatment of non-ideal gases. First-order and second-order phase transitions. Ising model, transfer matrix, and renormalization group approach.  Fluctuations in thermal equilibrium, fluctuation-dissipation theorem, brief review of non-equilibrium fluctuations. Basic notions of ergodicity, classical and quantum chaos.
Spring,",1,1
PHY541,Advanced Statistical Mechanics,Graduate,1.00 - 3.00,NONE,NONE,NONE,"Topics are selected from cluster expansions, elementary theory of quantum fluids, phase transitions, transfer matrix, Ising and ferroelectric models, polymers and membranes, disordered systems, and fluctuation and nonequilibrium phenomena.
Fall,",1,1
PHY542,Fundamentals of Accelerator Physics and Technology with Simulations and Measurements Lab,Graduate,1.00 - 2.00,NONE,NONE,NONE,"This course is an introduction to the underlying principles and uses of the nearly 14,000 particle accelerators that are used worldwide in medicine, industry, and scientific research. The course is suitable for senior undergraduate and entry-level graduate students in physics and engineering or students from other fields with a particular interest in accelerator-based science.
Summer,",1,1
PHY543,RF Superconductivity for Particle Accelerators,Graduate,1.00 - 3.00,NONE,NONE,NONE,"This graduate level course covers application of superconducting radio frequency (SRF) technology to contemporary high-ÃŸ accelerators: storage rings, pulsed and CW linacs, including energy recovery linacs (ERLs).  The course will address physics and engineering aspects of using SRF in accelerators.  It will cover beam-cavity interactions issues specific to superconducting cavities, a systems approach to designing SRF systems and engineering of superconducting cavity cryomodules.  The course is intended for graduate students pursuing accelerator physics and graduate engineers and physicists who want to familiarize themselves with superconducting RF systems.
Fall,",1,1
PHY544,Spin Dynamics in Particle Accelerators,Graduate,1.00 - 3.00,NONE,NONE,NONE,"Polarization is a possible property of charged particle beams, which has been used and developed from the early times of particle accelerator developments. It is a property of paramount interest in future nuclear and high energy physics accelerator projects, as well as in several existing accelerator facilities. Polarization requires sophisticated beam and spin manipulations, from production to utilization, based on dedicated accelerator design rules and technological components. This course will introduce students to the dynamics of spin in charged particle accelerators, and to the accelerator components and spin manipulation techniques which enable and allow preserving beam polarization. The course material will provide the basic tools for the design of practical polarized beam accelerator components and structures, and will convey an understanding of the essential underlying physics of polarized beams.",1,1
PHY545,Practical Issues in Cyclotron Design and Construc.,Graduate,1.00 - 3.00,NONE,NONE,NONE,"Cyclotrons are versatile accelerators whose use continues to expand in basic research, industry, medicine, and education. This course provides students with an introduction to the physics and technology of cyclotrons and their design. Issues associated with the construction of practical facilities for prototypical applications are reviewed. Upon completion of this course, students are expected to apply cyclotron theory and practical constraints to propose a complete cyclotron design for a prototypical application.",1,1
PHY546,Python for Scientific Computing,Graduate,0.00 - 1.00,NONE,NONE,NONE,"Python has seen wide adoption in the scientific community for data analysis, simulation, prototyping and visualization.  It provided a simple, yet powerful means to build applications.  This seminar introduces python and its use in scientific computing.  Students will learn the standard python libraries for array manipulation, visualization, numerical analysis and symbolic mathematics, as well as how to interface python with other languages, build applications, and good software engineering practices (including version control and testing).  Students are encouraged to share examples for their discipline",1,1
PHY548,Timing and Synchronization for Accelerators,Graduate,1.00 - 3.00,NONE,NONE,NONE,"Course Description: This course is intended for accelerator physicists who are interested in the design of timing systems and synchronization techniques for particle accelerators and light sources. The course focuses on transmission, measurement and control of highspeed electromagnetic signals in transmission lines or waveguides, whether RF/microwave or optical. These systems are important in the distribution of timing reference information in accelerating systems, and diagnostic techniques to measure beams with respect to RF or ultrafast pulse signals. Examples include ultrafast pump/probe experiments in accelerator-based light sources, or diagnostics for short particle bunches. The course enables students to understand how precise timing signals are transmitted and used in state-of-the-art systems. Concepts and technology for subpicosecond, and even sub-femtosecond synchronization of ultrafast pulse optical sources, RF, and particle beams will be discussed.",1,1
PHY549,Optimization and Machine Learning for Accelerators,Graduate,1.00 - 3.00,NONE,NONE,NONE,"Optimization techniques are key to both the design and operation of contemporary charged particle accelerator systems. In addition, machine learning techniques are now being increasingly used, either to augment the capabilities of standard optimization (e.g. through surrogate modeling), or to address entirely new tasks (e.g. anomaly detection, fault classification). This course will introduce a number of optimization and machine learning techniques that are commonly used for particle accelerators, as well as their range of applicability and limitations.",1,1
PHY551,Nuclear Physics I,Graduate,3.0,NONE,NONE,NONE,"Nucleon structure, conservation laws and the static quark model; nuclear force and the two nucleon system; bulk properties of nuclear matter, charge distribution, spin, isospin, mass, alpha decay, nuclear fission; electromagnetic and weak interaction; collective motion; microscopic models of the nucleus; nuclear matter under extreme conditions, high rotational states, heavy ion physics at RHIC, nuclear astrophysics.
Spring,",1,1
PHY552,Nuclear Physics II,Graduate,1.00 - 3.00,NONE,NONE,NONE,"Nucleon-nucleon scattering and effective range approximation; the nucleon-nucleon interaction calculated from meson exchange; effective forces between nucleons in nuclei and nuclear matter; the renormalization group approach to these interactions; Fermi-liquid theory of the nuclear many-body problem; thermodynamics of hadrons at high temperature; RHIC physics with heavy ions including transition from hadrons to quark gluon plasma, restoration of chiral symmetry, equation of state, initial conditions, thermodynamics of hadrons at high temperature.",1,1
PHY554,Fundamentals of Accelerator Physics,Graduate,3.0,NONE,NONE,NONE,"History of accelerators, basic principles including centre of mass energy, luminosity, accelerating gradient; Characteristics of modern colliders: RHIC, LEP, LHC, b-factories; Transverse motion, principles of beam cooling, Strong focusing, simple lattices; Circulating beams, synchrotron radiation; Longitutdinal dynamics; Non-linearities and resonances; Radio Frequency cavities, superconductivity in accelerators; Applications of accelerators: light sources, medical uses, Future Accelerators: eRHIC, ILC, neutrino factories, muon collider, laser plasma acceleration.
Offered Fall, 3 Credits, ABCF Grading",1,1
PHY555,Solid-State Physics I,Graduate,3.0,NONE,NONE,NONE,"This course concentrates on the basic notions of solid state physics, treated mostly within the single-particle approximation. Main topics include: crystal lattices and symmetries, reciprocal lattice and state counting, phonons, electron energy band theory, bonding and cohesion (semi-quantitatively), electron dynamics and electron transport in metals and semiconductors, screening, optical properties of solids, and an introduction to superconductivity and magnetism.
Fall,",1,1
PHY556,Solid State Physics II,Graduate,1.00 - 3.00,NONE,NONE,NONE,"The course focuses on the many-particle aspects of solid state physics addressing classical topics such as superconductivity and the transport properties of disordered conductors, as well as more modern subjects including the fractional quantum Hall effect, dissipative quantum mechanics, and problems of mesoscoptic physics. Both phenomenological and theoretical descriptions are discussed.
Spring,",1,1
PHY557,Elementary Particle Physics,Graduate,3.0,NONE,NONE,NONE,"Introduction to elementary particle physics. Symmetries and invariance in particle physics. The properties of particles in terms of quarks and leptons and their interactions. An introduction to the electroweak and for strong interactions. Interactions at high energies. Interactions between particles and matter, experiments in particle and experimental results.  Survey of particle accelerators.
Fall or Spring, 0-3 Credits,",1,1
PHY558,Physical Biology,Graduate,3.0,NONE,NONE,NONE,"Topics of this course include but are not limited to: Time and space in cells; Structural basis of biology; Molecular solvation and lattice models;  Chemical potential; Electrostatics, potentials, dipoles, electrochemical potentials[ Poisson-Boltzmann and Born models; Acids, bases and salts; Intermolecular potentials and force fields; Phase transitions; Lattice and Ising models; Adsorption; Binding polynomials; Binding cooperativity; Semigrand ensemble, molecular machines; Molecular motors, energy conversion and transduction; Polymer theory; Flory-Huggins; Random flights; Elasticity; Helix-coil theory; Collapse transitions; Protein folding equilibria; Protein folding kinetics; Sequence space; Protein evolution; Protein elasticity and biological mechanics of proteins; Biophysics of the cell; Proteome stabilities, aggregation, kinetics.
Spring, 3 Credits, ABCF Grading",1,1
PHY559,Biological Dynamics and Networks,Graduate,3.0,NONE,NONE,NONE,"This course will provide a solid foundation in key theoretical concepts for the study of dynamics in biological systems and networks at different scales ranging from the molecular level to metabolic and gene regulatory networks. Topics of this course include but are not limited to: Physical kinetics; Diffusion/Smoluchowskii; Random flights; Waiting times; Poisson; Brownian ratchets; Chemical kinetics; Transition states; Stability, bifurcations, pattern development; Noise in cells: intrinsic and Extrinsic; Feedback; Biological Osciillators; Recurrence, period doubling, chaos; Networks; Topologies; Degree distribution, betweenness; Models of nets: Erdos-Renyi, scale-free, social, Watts-Strogatz, agents; Robustness, highly-optimized tolerance, bowties, epidemics; Biological networks: Protein-protein nets, regulatory and metabolic nets; Known biological circuits and their behaviors; How networks evolve: Preferential attachment, rewiring; Power laws; Fluxed through networks; Information and communication, entropy; Metabolic flux analysis; Artificial and Natural selection for traits; Darwinian evolution; Population dynamics.
Spring, 3 credits, ABCF grading
Crosslisted with PHY 559 and CHE 559",1,1
PHY560,Frontiers of Physics and Astrophysics,Graduate,0.00 - 3.00,NONE,NONE,NONE,"This course complements the graduate physics courses in particle physics, particle astrophysics and cosmology, concentrating on interrelationships between these areas of research in understanding the physics of the universe. The course will introduce advanced physics students to the key issues, experimental facilities and prospects for the future. The present status and future major experiments will be reviewed from the perspective of both the technologies and science. In addition to the assigned readings and class participation, students will investigate in depth a specific area of their choice, producing a ~ 10 page paper on the subject, as well as give an oral presentation.",1,1
PHY561,Biology for Physical Scientists,Graduate,1.00 - 3.00,NONE,NONE,NONE,"Topics of this course include but are not restricted to: Overview of living things; Six kingdoms, animal phyla. Physiology and organs; Chemistry of life; Noncovalent interactions; Hydrogen bonds; Solvation; Biochemistry: reactions, catalysis, ATP amino acids, nucleic acids, lipids; Cell structures: Nucleus, mitochondria, chromosomes, membranes; Basic paradigm: DNA makes RNA makes protein; How cell machines and circuits work; Cell cycle; The processes of evolution; Genetics and heredity; Diseases: how biological systems fail; How drugs are discovered; Tight-binding inhibitors; Antibodies; Current research: Cell division and cancer, genomics, bioinformatics, high throughput sequencing, systems and synthetic biology.
Spring, 1- 3 Credits, ABCF Grading",1,1
PHY562,Atomic Physics and Lasers,Graduate,1.00 - 3.00,NONE,NONE,NONE,"Introduction to the theory of lasers including resonance conditions, normal modes, optical cavities and elementary quantum mechanics. Description of types of lasers, methods of control, limitations of power, precision, wavelength, etc. Applications to research and industry. Throughout the course, there will be many problems that involve writing computer programs to solve simple differential equations and model different aspects of laser operation. Not for satisfying physics Ph.D. breadth course requirements.
Fall, every year,",1,1
PHY564,Advanced Accelerator Physics,Graduate,1.00 - 3.00,NONE,NONE,NONE,"Types and Components of Accelerators, Relativistic Mechanics and EM for Accelerators, Accelerator Hamiltonian and N-dimensional phase space, Poincare diagrams, Lie algebras and symplectic maps and matrices; exact parameterization of linear motion in accelerators; matrix functions, Sylvester's formula; non-linear effects, Collective instabilities & Landau Damping, Radiation damping and Excitation, natural Emittance; Spin motion in accelerators.",1,1
PHY565,Quantum Electronics I: Atomic Physics,Graduate,3.0,NONE,NONE,NONE,"Quantum electronics is a synthesis of quantum physics and electrical engineering, and is introduced in two independent semesters. A description of simple atoms and molecules and their interaction with radiation includes atoms in strong and/or weak external fields, two-photon spectroscopy, superradiance, Rydberg states, lasers and laser spec-troscopy, coherent transients, etc.
Spring,",1,1
PHY566,Quantum Electronics II: Quantum Optics,Graduate,1.00 - 3.00,NONE,NONE,NONE,"Quantum electronics is a synthesis of quantum physics and electrical engineering, and is introduced in two independent semesters. This course focuses on the quantum properties of light. The quantized electromagnetic field and its correlations are used to understand nonclassical states from various sources such as two-level atoms and nonlinear systems interacting with radiation fields.
Fall,",1,1
PHY567,Theoretical Chemical Physics,Graduate,3.0,NONE,NONE,NONE,"This course stresses the physical theory underlying chemical phenomena. Special emphasis is given to advanced topics in electronic structure theory, molecular dynamics, condensed matter and surfaces, many-body and quantum ensemble theory,
and the interaction of light and molecules.",1,1
PHY568,Quantum Information Science,Graduate,1.00 - 3.00,NONE,NONE,NONE,"This is a survey of the fast evolving field of quantum information, ranging from Bell inequality, quantum teleportation to quantum algorithms and quantum programming frameworks. It aims to cover the essential knowledge of quantum information science and helps to bridge the gap to the current research activities of the field. Emphasis will be placed on solid-state platforms of quantum computers, topological error correction codes, and applications. Some illustration of quantum programming will be done on IBM's transmon-type cloud quantum computers.",1,1
PHY569,Quantum Information Science/Technology Laboratory,Graduate,1.00 - 3.00,NONE,NONE,NONE,This is an experimental course that consists of several modules of experiments designed to enhance studentsÂ¿ experimental skills used in quantum information science and technology. Students will work individually or with at most one partner on five modules and write their lab reports.,1,1
PHY570,Introductory Physics Revisited for Teachers,Graduate,3.0,NONE,NONE,NONE,"This seminar allows students to explore the fine points of topics normally covered in high school physics. Not for PhD credit.
Spring,",1,1
PHY571,Electromagnetic Theory for Teachers,Graduate,3.0,NONE,NONE,NONE,"The course reviews vector calculus and develops Maxwell's equations relating electric and magnetic fields to their sources. Applications for time-independent fields are developed for solving boundary value problems and the interactions of fields in bulk matter. An oral presentation of a relevant topic suitable for a high-school class is required. Not for PhD credit.
Fall,",1,1
PHY573,Mechanics for Teachers,Graduate,3.0,NONE,NONE,NONE,"The Newtonian formulation of classical mechanics is reviewed and applied to more advanced problems than those considered in introductory physics. The Lagrangian and Hamiltonian methods are then derived from the Newtonian treatment and applied to various problems. An oral presentation of a relevant topic suitable for a high-school class is required. Not for PhD credit.
Fall,",1,1
PHY576,Thermodynamics and Statistical Mechanics for Teachers,Graduate,3.0,NONE,NONE,NONE,"This course consists of two parts. Those relations among the properties of systems at thermal equilibrium that are independent of a detailed microscopic understanding are developed by use of the first and second laws of thermodynamics. The concepts of temperature, internal energy and entropy are analyzed. The thermodynamic potentials are introduced. Applications to a wide variety of systems are made. The second portion of the course, beginning with the kinetic theory of gases, develops elementary statistical mechanics, relates entropy and probability, and treats simple examples in classical and quantum statistics. An oral presentation of a relevant topic suitable for a high-school class is required. Not for PhD credit.
Spring,",1,1
PHY577,Physical and Mathematical Foundations of Quantum Mechanics for Teachers,Graduate,3.0,NONE,NONE,NONE,"Physical and mathematical foundations of quantum mechanics.  Maxwell waves and their properties: intensity, energy density, and momentum density.  Planck-Einstein relation between energy and frequency for light quanta.  De Broglie relation between momentum and wavelength.  Number density and probability density of photons.  One-photon quantum mechanics, with Maxwell field as wave function.  Diffraction phenomena.  Uncertainty relation between wavelength and position, hence between momentum and position.
In addition to the requirements for the undergraduate course PHY 307, students taking this course must prepare and present a talk on quantum physics suitable for a general (non-physics) adult audience.  This course cannot be taken for credit toward the PhD degrees in Physics.  Approval of the Program Director is required for taking this course for credit toward a Master Degree.
Fall,",1,1
PHY578,Quantum Physics for Teachers,Graduate,3.0,NONE,NONE,NONE,"The concepts, historical development and mathematical methods of quantum mechanics. Topics include Schroedinger's equation in time-dependent and time-independent forms, and one- and three-dimensional solutions, including the treatment of angular momentum and spin. Applications to simple systems, especially the hydrogen atom, are stressed. An oral presentation of a relevant topic suitable for a high school class is required. Not for PhD credit.
Spring,",1,1
PHY579,Special Topics for Teachers,Graduate,1.00 - 3.00,NONE,NONE,NONE,"Topics of current interest to high school teachers are discussed in order to bring the teachers up to date on the latest developments in various areas of research. Examples could include the standard model of particle physics, nanofabrication techniques, atomic force microscopy, etc. Not for PhD credit.
Fall or Spring,",1,1
PHY580,Special Research Projects,Graduate,1.00 - 18.00,NONE,NONE,NONE,"Research under the direction of a faculty member. Not open to Ph.D. candidates.
Fall and Spring,",1,1
PHY582,Optics Rotation,Graduate,0.00 - 2.00,NONE,NONE,NONE,"Optical science students experience three to eight week periods in each of several appropriate research groups. At the end of each period a report is required that describes the topics studied or project done. May not be taken for credit more than two semesters.
Fall and Spring,",1,1
PHY584,Rotation in Physical Biology,Graduate,1.00 - 3.00,NONE,NONE,NONE,"A two-semester course in which students spend at least 8 weeks in each of three different laboratories actively participating in the research of faculty associated with the Laufer Center. At least one of the rotations must be in experimental physical biology.
Participants will give a research talk at the end of each eight week period.
Fall and Spring, 1-3 credits, ABCF grading, May be repeated for credit",1,1
PHY585,Special Study,Graduate,1.00 - 18.00,NONE,NONE,NONE,"Reading course in selected topics.
Fall and Spring,",1,1
PHY595,Master's Degree Thesis Research,Graduate,1.00 - 18.00,NONE,NONE,NONE,"Independent research for Master's degree students. Open only to those approved by individual faculty for thesis work. This course also includes a minimum of two hours person to person discussion of ethics and conduct in research and scholarship which addresses among others integrity in scholarship, academic honesty, authorship, plagiarism, mentoring and collaborations.  These topics will be illustrated with case studies and issues that arise in current research projects.",1,1
PHY598,Graduate Seminar I,Graduate,0.00 - 1.00,NONE,NONE,NONE,"Special research topics centered on monographs, conference proceedings, or journal articles.  Topics include solid-state physics, atomic physics, quantum optics and applications of synchroton radiation.  Required for all first-year graduate students.
Fall and Spring, ABCF grading, 0-1 credits, may be repeated",1,1
PHY599,Graduate Seminar II,Graduate,0.00 - 1.00,NONE,NONE,NONE,"Special research topics centered on monographs, conference proceedings, or journal articles. Topics include elementary particles, nuclear physics, galactic and extragalactic astronomy, and cosmology and accelerator physics. Required for all first-year graduate students.
Fall and Spring, ABCF grading, 0-1 credits, may be repeated",1,1
PHY600,Practicum in Teaching,Graduate,0.00 - 3.00,NONE,NONE,NONE,"This course provides hands-on experience in teaching.  Activities may include classroom teaching, preparation and supervision of laboratory experiments, exams, homework assignments, and projects.
Fall and Spring,",1,1
PHY601,Group Theory for Physicists,Graduate,1.00 - 3.00,NONE,NONE,NONE,"This course provides an introduction to group theory and discusses topics that are important for applications in physics. Topics that will be discussed include but are not restricted to the following: finite groups, Lie groups, Lie algebras, Clifford algebras, Cartan generators, Dynkin diagrams, Young tableaux, noncompact groups such as the Poincar\'e group, invariant measures and coset manifolds. Additional topics such as Kac-Moody algebras, Virasoro algebras, symmetric spaces, supergroups and their invariant measure may be discussed as well.
PS. The accent on the ""e"" of Poincare is and acute accent denoted by\'
Offered Fall or Spring",1,1
PHY604,Computational Methods in Physics and Astrophysics II,Graduate,1.00 - 3.00,NONE,NONE,NONE,"This course discusses numerical methods used in physics and astrophysics. Topics include but are not limited to the following: Numerical integration and differentiation, differential equations, interpolation, root-finding, linear algebra, eigenvalues, Fourier transforms, Monte Carlo methods, hyperbolic and parabolic partial differential equations, parallel computing. All methods
will be illustrated by examples from physics or astrophysics. Familiarity with Computational Methods in Physics and Astrophysics (PHY 504) is assumed.",1,1
PHY605,Quantum Programming,Graduate,1.00 - 3.00,NONE,NONE,NONE,"The field of quantum information and computation has evolved to a stage where there are quantum devices that can be programmed and various tasks and algorithms can be tested on these devices. This course introduces various quantum programming frameworks. It aims to provide a more practical approach of learning quantum computing by programming, via software developed using Python. Important basic quantum algorithms will be reviewed and learned by programming them and simulating their action. Moreover, an emphasis will be paid to the so-called Variational Quantum Eigensolver that has already been used on many problems, from molecular energies and optimization to financial applications and quantum machine learning. Some illustration of quantum programming will be done on IBM's transmon-type cloud quantum computers. Beyond the circuit-based quantum computers, programming quantum annealers will provide an alternative approach to solve a wide family of optimization problems.",1,1
PHY610,Quantum Field Theory I,Graduate,3.0,NONE,NONE,NONE,"Quantization of relativistic fields: Lorentz and gauge symmetries, relativistic spin, the S-matrix and scattering; the standard model; perturbation theory, renormalization and effective field theories; path integrals and relations to condensed matter physics.
Fall,",1,1
PHY611,Quantum Field Theory II,Graduate,1.00 - 3.00,NONE,NONE,NONE,"Quantization of relativistic fields: Lorentz and gauge symmetries, relativistic spin, the S-matrix and scattering; the standard model; perturbation theory, renormalization and effective field theories; path integrals and relations to condensed matter physics.
Spring,",1,1
PHY612,Theoretical Particle Physics,Graduate,1.00 - 3.00,NONE,NONE,NONE,"Applications of quantum field theory to interactions between elementary particles. Topics are chosen from perturbative quantum chromodynamics, the standard electro-weak model, lattice field theory, grand unified models, supersymmetry, and current research problems.
Fall,",1,1
PHY613,Advanced Particle Theory,Graduate,1.00 - 3.00,NONE,NONE,NONE,"This course is a continuation of PHY 612 and prepares students for research in theoretical particle physics. Topics that will be discussed include the properties of Quantum Chromodyanamics, Electorweak Symmetry Breaking, Cabbibbo-Kobayahi-Maskawa quark mixing, Effective Field theory, Neutrino masses, the hierarchy problems, dark matter, early universe cosmology and primordial nucleosynthesis. Physics beyond the standard model will be discussed as well including models of quark and lepton masses, grand unified theories and baryon number violation.
Semesters Offered: Spring and Fall, 1-3 credits, Letter graded (A,A-,B+, etc.)",1,1
PHY620,Modern General Relativity,Graduate,3.0,NONE,NONE,NONE,"General theory of relativity; tensor analysis, Einstein's field equations, experimental tests, black holes, gravitational waves, cosmology. May also include topics such as spinor methods, conformal invariance, and introduction to string theory or supergravity.
Fall or Spring,",1,1
PHY621,Advanced Quantum Field Theory,Graduate,1.00 - 3.00,NONE,NONE,NONE,"Proofs of renormalizability and unitarity on non-Abelian guage theories using modern methods of Becchi-Rouet-Store-Tyutin (BRST) symmetry; descent equations for anomalies; classical instantons and their quantum corrections, including integration over zero modes; background field methods, other topics if time permits.  PHY 610/611 or equivalent is prerequisite.
Fall or Spring, May be repeated for credit.",1,1
PHY622,String Theory I,Graduate,1.00 - 3.00,NONE,NONE,NONE,"This course is intended for graduate students who have familiarity with guage & quantum field theory.  Topics will be selected from: Free bosonic & spinning strings and heterotic & Green-Schwarz superstrings; conformal field theory; tree-level and one-loop amplitudes; partition functions; spacetime supersymmetry and supergravity; compactification & duality; winding & Kaluza-Klein modes; 11-dimensional supergravity; branes in supergravity; D-branes in string theory; T-duality; M-theory; complex geometry and Calabi-Yau manifolds; string field theory; other advanced topics if time permits.  PHY 610/611 or equivalent is prerequisite.
Fall or Spring,",1,1
PHY623,String Theory II,Graduate,1.00 - 3.00,NONE,NONE,NONE,"This course is intended for graduate students who have familiarity with guage & quantum field theory.  Topics will be selected from: free bosonic & spinning strings and heterotic & Green-Schwarz superstrings; conformal field theory; tree-level and one-loop amplitudes; partition functions; spacetime supersymmetry and supergravity; compactification & duality; winding & Kaluza-Klein modes; 11-dimensional supergravity; branes in supergravity; D-branes in string theory; T-duality; M-theory; complex geometry and Calabi-Yau manifolds; string field theory; other advanced topics if time permits.  PHY 610/611 or equivalent is prerequisite.
Fall or Spring,",1,1
PHY631,Quantum Information Physical Systems and Materials,Graduate,1.00 - 3.00,NONE,NONE,NONE,"Quantum computing is fast evolving to soon provide real applications that supersede classical computers. However to build quantum computers relies on ab understanding of physical systems, materials and the functioning of devices. This course will cover various important physical systems and materials currently used for quantum information processing. It is divided into a few modules, including superconducting qubits, solid-state spin qubits, photons, trapped ions, and topological qubits (p-wave superconductors, fractional quantum Hall systems, topological insulators, etc.) This course aims to bridge the gap from the physical principles to the potential functioning of devices.",1,1
PHY655,Advanced Graduate Seminar in Theoretical Physics,Graduate,0.00 - 3.00,NONE,NONE,NONE,A weekly seminar on advanced theoretical concepts. The discussion starts with a graduate student presentation and it is conducted under the guidance of a faculty supervisor.,1,1
PHY664,Astronomy Journal Club,Graduate,0.00 - 1.00,NONE,NONE,NONE,"Presentation of preliminary research results and current research problems by students and faculty. Required every semester of all astronomy graduate students.
Fall and Spring.",1,1
PHY665,Journal Club in Computational Biology,Graduate,0.00 - 1.00,NONE,NONE,NONE,"The goal of this course is for students to hone critical reading and analytic skills through discussions of literature in the area of Computational Biology.  Participants take turn being a ""discussion leader"" who informally guides the group through a peer-reviewed manuscript for which all Journal Club members will have to read in advance of the meeting.  Meetings in the Spring semester will include in Person Training (IPT) in Responsible conduct of Research and Scholarship (RCRS) on topics that comprise (1) Integrity in Scholarship, (2) Scientific Misconduct, (3) Mentoring, (4) Ownership and Authorship, (5) Plagiarism, (6) Data Management, (7) Journalism and Science, (8) Human Subjects, and (9) Laboratory Animals.",1,1
PHY666,Cool Stars,Graduate,0.00 - 1.00,NONE,NONE,NONE,"A weekly seminar concentrating on observational and theoretical studies of cool stars and related objects. Emphasis is on ongoing research and recent results in this area. Speakers include faculty, students, and visitors. Topics anticipated in the near future include results from the Hubble Space Telescope and ROSAT. Students registering for one credit will be expected to present at least one seminar.
Fall and Spring,
Prerequisite: Permission of instructor",1,1
PHY668,Seminar in Astronomy,Graduate,0.00 - 1.00,NONE,NONE,NONE,"A weekly series of research seminars presented by visiting scientists as well as by the faculty. Required every semester of all astronomy graduate students.
Fall and Spring,",1,1
PHY669,Nuclear Astrophysics Seminar,Graduate,0.00 - 1.00,NONE,NONE,NONE,"A weekly seminar concentrating on topics in nuclear astrophysics, including dynamics of supernova collapse, structure and evolution of neutron stars, equation of state, the role of neutrinos in nucleosynthesis, etc.
Fall or Spring.",1,1
PHY670,Seminar in Theoretical Physics,Graduate,0.00 - 1.00,NONE,NONE,NONE,"Fall and Spring,",1,1
PHY672,Seminar in Elementary Particle Physics,Graduate,0.00 - 1.00,NONE,NONE,NONE,"Fall and Spring,",1,1
PHY673,Seminar in Cosmology,Graduate,0.00 - 1.00,NONE,NONE,NONE,"This seminar discusses current topics in cosmology. Each semester consists of a formal talk followed by an informal discussion of active areas of cosmology research.
Fall and Spring, 0-1 credits, S/U grading.",1,1
PHY674,Seminar in Nuclear Physics,Graduate,0.00 - 1.00,NONE,NONE,NONE,"Fall and Spring,",1,1
PHY676,Seminar in Solid-State Physics,Graduate,0.00 - 1.00,NONE,NONE,NONE,"Fall and Spring,",1,1
PHY678,"Atomic, Molecular and Optical Physics Seminar",Graduate,0.00 - 1.00,NONE,NONE,NONE,"Fall and Spring,",1,1
PHY680,Special Topics in Theoretical Physics,Graduate,1.00 - 3.00,NONE,NONE,NONE,Fall and Spring,1,1
PHY681,Special Topics in Statistical Mechanics,Graduate,1.00 - 3.00,NONE,NONE,NONE,"Fall and Spring,",1,1
PHY682,Special Topics in Solid-State Physics,Graduate,1.00 - 3.00,NONE,NONE,NONE,"Fall and Spring,",1,1
PHY683,Special Topics in Astronomy,Graduate,1.00 - 3.00,NONE,NONE,NONE,"Fall and Spring,",1,1
PHY684,Special Topics in Nuclear Physics,Graduate,1.00 - 3.00,NONE,NONE,NONE,"Fall and Spring,",1,1
PHY685,Special Topics in Mathematical Physics,Graduate,1.00 - 3.00,NONE,NONE,NONE,"Fall and Spring,",1,1
PHY686,Special Topics in Elementary Particles,Graduate,1.00 - 3.00,NONE,NONE,NONE,"Fall and Spring,",1,1
PHY687,Topics in Biological Physics,Graduate,1.00 - 3.00,NONE,NONE,NONE,"The ""Topics"" courses in the 680 sequence do not have specific description, since the subject matter within the broadly defined topic may change from one semester to the next.
May be repeated for credit.
1-3 Credits, ABCF Grading",1,1
PHY688,Special Topics in Astrophysics,Graduate,1.00 - 3.00,NONE,NONE,NONE,"Fall and Spring,",1,1
PHY689,Special Topics in Accelerator Physics,Graduate,1.00 - 3.00,NONE,NONE,NONE,"Recently we established the Center for Accelerator Physics with Vladimir Litvinenko appointed as Director (with a shared appointment at BNL), and with a second faculty position in accelerator physics being added in the near future, we expect that the number of students working on accelerator physics will increase significantly and there will be much more demand for courses in this area. For a long time accelerator physics courses have been taught as ""PHY 584: Special Topics in Nuclear Physics"", but this is improper use of the course listing. The purpose of this course is two-fold. First, it is a special topic course that is taught full time at Stony Brook. Second, it is special topics course which is taught in collaboration with the United States Particle Accelerator School (USPAS), which is taught on a rotating basis at various universities and National Laboratories in the US. If that is the case, students will prepare for the USPAS course during the semester, and will particioate in the USPAS school in the following Winter or Summer break. The grade for the course will be determined by the grade in the USPAS school. Funding to participate in the USPAS course will be provided by USPAS if students are registered for such course at their local university.",1,1
PHY690,Special Topics in Atomic and Optical Physics,Graduate,1.00 - 3.00,NONE,NONE,NONE,"Fall and Spring,",1,1
PHY691,Computational Accelerator Physics,Graduate,1.00 - 3.00,NONE,NONE,NONE,"The course prepares graduate students in a comprehensive and systematic way for applying numerical methods to solve problems for which analytical methods have limitations. This knowledge will be applied to producing, collecting, analyzing and understanding numerical simulation data, and presenting and reporting results using appropriate media. This course will allow students to attain the level of knowledge needed to thrive in the field of particle accelerators, including cyclotrons, synchrotrons, storage rings, linear accelerators, colliders and industrial accelerators.",1,1
PHY692,Physics and Engineering of Large Accelerators,Graduate,1.00 - 3.00,NONE,NONE,NONE,"The course will include discussions of accelerator physics and engineering topics, and phenomena specific to large accelerators: conceptual differences in accelerator physics resulting from the large scale of accelerators, high field superconducting magnets and gigantic SRF linacs, high power RF, large cryogenic and utility systems, vibration, support structures and alignment, large computer network and real-time controls, personal safety and machine protection challenges, large UHV systems, etc. The course will use examples of prior and existing facilities (RHIC, TEVATRON, APS/NSLS II, SLAC linac, LEP, LHC, CEBAF) as well as challenges in future facilities (EIC, PIP II, FRIB, FCC, ILC, neutrino factories, and muon colliders) to emphasize their problems and to describe either existing or possible solutions.",1,1
PHY693,High Power RF Engineering,Graduate,1.00 - 3.00,NONE,NONE,NONE,"The course starts with an essential review of the properties of low and medium power RF waves and components including transmission lines, waveguides and cavities, and then proceeds to highlight the properties and limitations under high power RF conditions. The principal deleterious effects taking place at high power levels are caused by arcing (a high peak power effect) and the ohmic dissipation in the metal walls (a high average power effect). Exceeding the power handling capacity of the RF components can result in expensive repairs. Methods of mitigating or avoiding these expensive repairs are discussed. Important applications of high power rf are discussed in depth. Finally the students are given an extended project on implementing a particle accelerator using the traditional method of placing cylindrical cavities in tandem and using the longitudinal electric field in the TM010 cavity mode to pump RF power into a particle beam and cause the desired acceleration of the charge particles.",1,1
PHY694,Plasma and Wakefield Accelerators,Graduate,1.00 - 3.00,NONE,NONE,NONE,"This course provides an introduction to the physics of laser-driven and beam-driven plasma wakefield accelerators. Topics include the description of the motion of a single particle in the fields of a laser or relativistic particle beam, coupling of intense drivers to plasma waves, description of linear and nonlinear plasma waves in 1D and 3D, injection of particles into plasma waves and beam loading, as well as other advanced topics such as the directions of present research as time permits. In addition to the theoretical concepts, the students will also be introduced to the computational and experimental tools used to explore the relevant physical phenomena.",1,1
PHY695,Cryogenic Systems and their Design,Graduate,1.00 - 3.00,NONE,NONE,NONE,"This course covers fundamental aspects of cryogenics system and engineering properties of materials and fluids at low temperatures. Cryogenic heat transfer and fluid dynamics, low temperature refrigeration and system engineering, application of helium cryogenic technology to contemporary particle accelerators, detectors and sensors.

The course will address physics and engineering aspects of using helium cryogenics. It will cover fundamentals of normal and superfluid cryogenics. The course is intended for graduate students pursuing accelerator physics and graduate engineers and physicists who want to familiarize themselves with cryogenics.",1,1
PHY696,Components of Accelerators,Graduate,1.00 - 3.00,NONE,NONE,NONE,"The courses teaches students both the understanding and the practical experience of real accelerator hardware: magnets, RF cavities, vacuum chambers, controls, diagnostics, particle sources and other accelerator hardware and software. The course is taught in the control room of the Accelerator Lab in the basement of the SBU Physics department, where a state-of-the-art polarized electron gun is currently located. It will use cut-offs of real scale superconducting magnets, RF cavities, and vacuum chambers.  The course also includes a tour of operational hardware at BNL facilities",1,1
PHY698,Colloquium,Graduate,0.00 - 1.00,NONE,NONE,NONE,"Fall and Spring,
Delivery: 1 credit",1,1
PHY699,Dissertation Research on Campus,Graduate,1.00 - 9.00,NONE,NONE,NONE,"Independent research for Ph.D. degree candidates. Open only to students who have advanced to candidacy (G5). Major portion of research must take place on SBU campus, at Cold Spring Harbor, or at the Brookhaven National Lab. This course also includes a minimum of two hours person to person discussion of ethics and conduct in research and scholarship which addresses among others integrity in scholarship, academic honesty, authorship, plagiarism, mentoring and collaborations. These topics will be illustrated with case studies and issues that arise in current research projects.
Fall, Spring, and Summer,",1,1
PHY700,Dissertation Research off Campus - Domestic,Graduate,1.00 - 9.00,NONE,NONE,NONE,"Independent research for Ph.D. degree candidates. Open only to students who have advanced to candidacy (G5). Major portion of research will take place off-campus, but in the United States and/or U.S. provinces. Please note, Brookhaven National Labs and the Cold Spring Harbor Lab are considered on-campus.   This course also includes a minimum of two hours person to person discussion of ethics and conduct in research and scholarship which addresses among others integrity in scholarship, academic honesty, authorship, plagiarism, mentoring and collaborations.  These topics will be illustrated with case studies and issues that arise in current research projects. All international students must enroll in one of the graduate student insurance plans and should be advised by an International Advisor.",1,1
PHY800,SUMMER RESEARCH,Graduate,0.0,NONE,NONE,NONE,,1,1
